"Sector.Detail","Sector","Size","Part.Of.Larger.Firm","Num.Establishments","Headquarters","Separate.Financial.Statements","Firm.Status","Establishment.Begin.Year","Electrical.Application","Electrical.Wait","Power.Outage","Num.Power.Outages","Power.Outage.Duration.Hours","Power.Outage.Duration.Minutes","Generator","Generator.Use","Water.Application","Water.Wait","Water.Outage","Num.Water.Outages","Water.Outage.Duration","Email","Website","Main.Activity","Sales.Nominal","Theft.Loss","Breakage.Loss","Capacity.Utilization","Operation.Hours","Capital.Purchases.Bool","Capital.Purchases.Amount","Upgraded.Capital.Bool","Upgraded.Capital.Percent","Land.Buildings.Amount","Full.Time.Employees","Full.Time.Employees.Production","Full.Time.Employees.Non.Production","Full.Time.Employees.Production.High.Skill","Full.Time.Employees.Production.Mid.Skill","Full.Time.Employees.Production.Low.Skill","Full.Time.Employees.Temporary","Full.Time.Employees.Temporary.Duration","Full.Time.Employees.Secondary.School.Percent","Labor.Cost","Raw.Material.Cost","Electricity.Cost","Total.Cost","Capital.Value","Country"
52,2,1,2,NA,NA,NA,2,1996,2,NA,1,0,NA,NA,2,NA,2,NA,NA,NA,NA,1,2,2,3.6e+09,NA,NA,NA,NA,2,NA,NA,NA,NA,13,NA,NA,NA,NA,NA,0,NA,100,6.03e+08,NA,34635000,NA,NA,"Paraguay"
51,3,1,1,2,1,2,2,1987,2,NA,1,0,NA,NA,2,NA,2,NA,NA,NA,NA,1,1,3,3e+09,NA,NA,NA,NA,2,NA,NA,NA,NA,15,NA,NA,NA,NA,NA,0,NA,100,4.5e+08,NA,6e+06,NA,NA,"Paraguay"
52,2,1,2,NA,NA,NA,3,2007,2,NA,1,1,0,1,2,NA,2,NA,NA,NA,NA,1,2,2,6e+08,NA,NA,NA,NA,2,NA,NA,NA,NA,5,NA,NA,NA,NA,NA,2,3,100,9.5e+07,NA,5e+06,NA,NA,"Paraguay"
72,3,1,2,NA,NA,NA,5,2002,2,NA,1,5,0,1,1,1,2,NA,NA,NA,NA,1,1,6,9.6e+08,NA,NA,NA,NA,2,NA,NA,NA,NA,7,NA,NA,NA,NA,NA,1,4,100,2.4e+08,NA,4200000,NA,NA,"Paraguay"
15,1,2,1,4,1,2,4,1992,1,7,1,2,-9,-9,2,NA,2,NA,1,2,1,1,1,1,7e+09,NA,NA,95,60,1,8e+08,1,90,-9,20,8,12,-9,-9,-9,20,-9,80,-9,-9,2e+08,-9,-9,"Paraguay"
52,2,0,2,NA,NA,NA,5,1960,2,NA,2,NA,NA,NA,2,NA,2,NA,NA,NA,NA,2,2,2,8e+07,NA,NA,NA,NA,2,NA,NA,NA,NA,2,NA,NA,NA,NA,NA,0,NA,100,2e+07,NA,1e+06,NA,NA,"Paraguay"
52,2,3,2,NA,NA,NA,2,1952,1,30,1,1,1,0,1,80,2,NA,NA,NA,NA,1,1,2,1.6e+11,NA,NA,NA,NA,1,2.8e+08,1,100,0,400,NA,NA,NA,NA,NA,0,NA,100,1.179e+10,NA,4.58e+08,NA,NA,"Paraguay"
72,3,1,2,NA,NA,NA,5,1992,2,NA,1,3,0,0,1,1,2,NA,NA,NA,NA,1,1,6,4.8e+08,NA,NA,NA,NA,1,1.8e+07,1,100,2.2e+07,8,NA,NA,NA,NA,NA,0,NA,100,3.84e+08,NA,14400000,NA,NA,"Paraguay"
72,3,2,2,NA,NA,NA,2,1985,2,NA,1,2,0,1,2,NA,2,NA,NA,NA,NA,2,1,6,6.5e+09,NA,NA,NA,NA,1,2e+08,1,100,-9,40,NA,NA,NA,NA,NA,2,6,100,1.5e+09,NA,3.6e+07,NA,NA,"Paraguay"
15,1,3,2,NA,NA,NA,2,1983,2,NA,1,0,NA,NA,1,100,2,NA,2,NA,NA,1,1,1,-9,NA,NA,-9,48,2,NA,NA,NA,NA,387,100,287,10,6,84,20,2,75,-9,-9,-9,-9,-9,"Paraguay"
24,1,3,2,NA,NA,NA,5,1983,1,-9,1,1,0,30,2,NA,2,NA,2,NA,NA,1,1,1,6.4676e+10,0,0,40,70,1,2e+09,1,75,1e+09,340,120,220,15,20,85,0,NA,60,1.3e+10,1.2e+10,3e+08,3.9237e+10,9682520000,"Paraguay"
15,1,3,2,NA,NA,NA,2,1928,2,NA,1,4,3,0,1,-9,2,NA,2,NA,NA,1,1,1,1.3e+11,NA,NA,70,40,1,7.9e+07,1,7,0,219,87,132,80,7,0,0,NA,100,8.2e+09,1.04e+11,1.4e+08,1.3e+11,3.885e+12,"Paraguay"
24,1,3,1,3,1,2,2,1988,-9,NA,1,0,NA,NA,1,-9,2,NA,2,NA,NA,1,1,1,1.139e+11,NA,NA,100,72,2,NA,NA,NA,NA,182,160,22,10,50,-9,0,NA,100,-9,-9,-9,-9,-9,"Paraguay"
24,1,3,2,NA,NA,NA,3,1977,2,NA,1,0,NA,NA,1,40,2,NA,2,NA,NA,1,1,1,-9,0,0,100,50,1,-9,NA,NA,-9,200,150,50,90,40,20,0,NA,70,-9,-9,-9,-9,-9,"Paraguay"
51,3,3,2,NA,NA,NA,2,1974,2,NA,1,6,0,30,1,6,2,NA,NA,NA,NA,1,1,3,9e+10,NA,NA,NA,NA,1,832500000,1,50,0,200,NA,NA,NA,NA,NA,70,2,100,1.5e+10,NA,5e+08,NA,NA,"Paraguay"
45,3,3,2,NA,NA,NA,2,1987,2,NA,1,0,NA,NA,1,95,2,NA,NA,NA,NA,1,1,4,1.74e+11,NA,NA,NA,NA,1,1.68e+10,1,10,0,540,NA,NA,NA,NA,NA,0,NA,90,2.8e+09,NA,5.6e+08,NA,NA,"Paraguay"
21,1,3,2,NA,NA,NA,2,1979,1,-9,2,NA,NA,NA,1,0,2,NA,2,NA,NA,1,1,1,-9,NA,NA,70,120,1,-9,NA,NA,-9,300,280,20,200,40,40,0,NA,-9,-9,-9,-9,-9,-9,"Paraguay"
15,1,3,1,190,1,2,5,1973,1,30,1,5,1,0,1,20,2,NA,2,NA,NA,1,1,1,-9,NA,NA,60,84,1,-9,NA,NA,115500000,180,30,150,7,7,16,0,NA,-9,-9,-9,-9,-9,5.5e+09,"Paraguay"
15,1,1,2,NA,NA,NA,5,1986,2,NA,1,15,4,0,2,NA,2,NA,1,5,24,1,1,1,2e+09,NA,NA,30,112,2,NA,NA,NA,NA,17,11,6,4,7,-9,-9,NA,1,6e+08,8e+08,8.4e+07,1.8e+09,5e+09,"Paraguay"
20,1,1,2,NA,NA,NA,2,1999,2,NA,2,NA,NA,NA,2,NA,2,NA,2,NA,NA,1,1,1,5e+09,0,0,60,48,2,NA,NA,NA,NA,17,12,5,5,3,4,17,1,95,8.7e+08,1.5e+09,9e+07,2.54e+09,5e+09,"Paraguay"
52,2,2,2,NA,NA,NA,5,1979,2,NA,2,NA,NA,NA,2,NA,2,NA,NA,NA,NA,1,2,2,4e+09,NA,NA,NA,NA,2,NA,NA,NA,NA,30,NA,NA,NA,NA,NA,30,12,30,1.2e+09,NA,1e+08,NA,NA,"Paraguay"
51,3,2,2,NA,NA,NA,2,1981,2,NA,1,1,0,1,2,NA,2,NA,NA,NA,NA,1,1,3,6e+09,NA,NA,NA,NA,1,229500000,1,99,229500000,45,NA,NA,NA,NA,NA,0,NA,99,1.5e+09,NA,5e+07,NA,NA,"Paraguay"
24,1,2,2,NA,NA,NA,2,1963,2,NA,1,0,NA,NA,1,40,2,NA,2,NA,NA,1,1,1,-9,0,20,-9,60,1,-9,NA,NA,-9,80,70,10,20,50,0,0,NA,70,-9,-9,-9,-9,-9,"Paraguay"
50,3,2,2,NA,NA,NA,1,1969,2,NA,1,5,0,25,2,NA,2,NA,NA,NA,NA,1,1,6,2.4e+09,NA,NA,NA,NA,1,7.5e+07,2,NA,0,42,NA,NA,NA,NA,NA,0,NA,98,7e+08,NA,3e+07,NA,NA,"Paraguay"
52,2,1,2,NA,NA,NA,5,1992,2,NA,1,1,1,30,2,NA,2,NA,NA,NA,NA,2,2,2,2e+09,NA,NA,NA,NA,1,1e+08,1,50,-9,5,NA,NA,NA,NA,NA,3,1,100,2e+07,NA,2e+07,NA,NA,"Paraguay"
51,3,2,2,NA,NA,NA,2,1999,2,NA,1,-9,NA,NA,2,NA,2,NA,NA,NA,NA,1,2,3,3.2e+09,NA,NA,NA,NA,1,3.5e+08,1,80,-9,20,NA,NA,NA,NA,NA,6,3,60,6e+08,NA,2e+07,NA,NA,"Paraguay"
52,2,1,2,NA,NA,NA,5,2014,2,NA,2,NA,NA,NA,2,NA,2,NA,NA,NA,NA,1,2,2,-9,NA,NA,NA,NA,2,NA,NA,NA,NA,9,NA,NA,NA,NA,NA,0,NA,100,-9,NA,-9,NA,NA,"Paraguay"
52,2,2,2,NA,NA,NA,1,1977,1,-9,1,-9,NA,NA,1,-9,2,NA,NA,NA,NA,1,1,2,-9,NA,NA,NA,NA,1,0,NA,NA,2e+09,60,NA,NA,NA,NA,NA,0,NA,30,-9,NA,-9,NA,NA,"Paraguay"
52,2,1,2,NA,NA,NA,3,1990,2,NA,1,0,NA,NA,2,NA,2,NA,NA,NA,NA,1,1,2,3e+08,NA,NA,NA,NA,2,NA,NA,NA,NA,7,NA,NA,NA,NA,NA,0,NA,100,1.8e+08,NA,8500000,NA,NA,"Paraguay"
52,2,1,2,NA,NA,NA,5,2012,2,NA,1,1,0,40,2,NA,2,NA,NA,NA,NA,1,2,2,-9,NA,NA,NA,NA,2,NA,NA,NA,NA,6,NA,NA,NA,NA,NA,0,NA,100,-9,NA,-9,NA,NA,"Paraguay"
45,3,2,2,NA,NA,NA,2,1979,2,NA,1,1,0,1,2,NA,2,NA,NA,NA,NA,1,1,4,2.2e+10,NA,NA,NA,NA,1,6e+07,2,NA,5e+08,20,NA,NA,NA,NA,NA,100,-9,100,-9,NA,1.2e+07,NA,NA,"Paraguay"
15,1,2,2,NA,NA,NA,5,2007,2,NA,1,2,2,0,1,-9,2,NA,2,NA,NA,1,1,1,-9,NA,NA,100,90,2,NA,NA,NA,NA,20,10,10,5,5,0,0,NA,-9,-9,-9,-9,-9,-9,"Paraguay"
52,2,2,2,NA,NA,NA,2,1978,2,NA,2,NA,NA,NA,2,NA,2,NA,NA,NA,NA,1,1,2,1e+10,NA,NA,NA,NA,2,NA,NA,NA,NA,40,NA,NA,NA,NA,NA,5,6,100,1.2e+09,NA,1.5e+07,NA,NA,"Paraguay"
15,1,3,2,NA,NA,NA,1,1967,2,NA,2,NA,NA,NA,1,70,2,NA,2,NA,NA,1,1,1,5.3e+11,NA,NA,90,12,1,2.65e+10,2,NA,0,600,400,200,-9,-9,-9,0,NA,90,2e+10,2e+11,-9,-9,-9,"Paraguay"
51,3,2,2,NA,NA,NA,2,1979,2,NA,1,0,NA,NA,2,NA,2,NA,NA,NA,NA,1,1,3,1e+09,NA,NA,NA,NA,1,7e+08,1,80,0,55,NA,NA,NA,NA,NA,30,1,60,-9,NA,1.8e+07,NA,NA,"Paraguay"
18,1,3,2,NA,NA,NA,2,1960,2,NA,1,0,NA,NA,1,1,2,NA,2,NA,NA,1,1,1,5e+10,NA,NA,90,48,1,2.4e+09,1,100,5e+08,380,230,150,100,20,-9,0,NA,70,1.8e+10,7.9e+09,5e+08,3.4e+10,3e+10,"Paraguay"
51,3,3,2,NA,NA,NA,2,1961,2,NA,1,1,0,45,2,NA,2,NA,NA,NA,NA,1,1,3,-9,NA,NA,NA,NA,2,NA,NA,NA,NA,140,NA,NA,NA,NA,NA,15,3,100,-9,NA,-9,NA,NA,"Paraguay"
25,1,2,2,NA,NA,NA,5,1997,2,NA,2,NA,NA,NA,2,NA,2,NA,2,NA,NA,1,2,1,317514400,NA,NA,90,168,2,NA,NA,NA,NA,25,20,5,15,5,0,0,NA,90,8e+07,4.2e+07,1.4e+07,3.17e+08,-9,"Paraguay"
25,1,2,2,NA,NA,NA,2,1993,1,8,1,0,NA,NA,2,NA,2,NA,2,NA,NA,1,2,1,9e+09,NA,NA,50,78,1,1.5e+09,1,30,5e+08,22,16,6,8,6,2,0,NA,90,1.5e+09,6.5e+09,1.2e+08,8.4e+09,2e+09,"Paraguay"
15,1,3,1,3,1,2,2,2001,2,NA,1,4,0,10,1,-9,2,NA,2,NA,NA,1,1,1,3.4578e+11,NA,NA,50,70,1,2.232e+09,1,20,167400000,518,220,298,30,50,140,0,NA,70,7.052e+09,2.24757e+11,5.5e+08,-9,-9,"Paraguay"
18,1,2,2,NA,NA,NA,4,1995,2,NA,1,1,0,30,2,NA,2,NA,2,NA,NA,1,1,1,1.3e+10,NA,NA,90,40,1,5.5e+08,1,15,0,68,50,18,5,25,20,5,6,40,6e+09,4e+09,2e+08,1.25e+10,4.5e+09,"Paraguay"
21,1,2,2,NA,NA,NA,5,1979,1,30,1,2,0,3,2,NA,1,-5,2,NA,NA,1,1,1,4.2e+09,NA,NA,90,50,1,4e+08,1,30,0,35,28,7,10,12,6,5,3,80,1.1e+09,2e+09,9e+07,3.69e+09,1.4e+10,"Paraguay"
45,3,2,2,NA,NA,NA,2,1997,2,NA,1,1,3,0,2,NA,2,NA,NA,NA,NA,1,1,4,8e+09,NA,NA,NA,NA,2,NA,NA,NA,NA,20,NA,NA,NA,NA,NA,0,NA,50,8e+08,NA,-9,NA,NA,"Paraguay"
52,2,2,2,NA,NA,NA,5,2000,2,NA,1,1,0,45,2,NA,1,15,NA,NA,NA,1,1,2,3e+09,NA,NA,NA,NA,2,NA,NA,NA,NA,20,NA,NA,NA,NA,NA,0,NA,80,4e+08,NA,8e+06,NA,NA,"Paraguay"
52,2,1,2,NA,NA,NA,5,1996,2,NA,1,1,3,0,2,NA,2,NA,NA,NA,NA,1,1,2,1.2e+10,NA,NA,NA,NA,2,NA,NA,NA,NA,8,NA,NA,NA,NA,NA,3,12,99,1.3e+09,NA,4800000,NA,NA,"Paraguay"
25,1,1,2,NA,NA,NA,3,1976,2,NA,2,NA,NA,NA,2,NA,2,NA,2,NA,NA,1,1,1,-9,NA,NA,70,48,1,2e+07,1,100,-9,5,5,0,3,2,0,0,NA,10,-9,-9,-9,-9,-9,"Paraguay"
26,1,3,2,NA,NA,NA,2,1957,2,NA,1,1,4,0,2,NA,2,NA,2,NA,NA,1,1,1,7.8e+09,NA,NA,65,42,2,NA,NA,NA,NA,120,58,62,5,8,45,20,12,-9,4e+09,9e+08,1.4e+08,7e+09,-9,"Paraguay"
22,1,1,2,NA,NA,NA,2,1985,2,NA,1,0,NA,NA,2,NA,2,NA,2,NA,NA,1,1,1,1.85e+09,NA,NA,90,40,2,NA,NA,NA,NA,17,13,4,4,9,0,0,NA,90,545997951,708384607,15116673,1831568637,-9,"Paraguay"
55,3,3,2,NA,NA,NA,2,1995,1,5,1,1,-9,-9,1,5,1,7,NA,NA,NA,1,1,5,-9,NA,NA,NA,NA,1,-9,NA,NA,-9,450,NA,NA,NA,NA,NA,0,NA,-9,-9,NA,-9,NA,NA,"Paraguay"
17,1,3,2,NA,NA,NA,2,1930,1,-9,1,2,1,0,1,5,2,NA,2,NA,NA,1,1,1,3e+10,0,0,60,48,1,-9,NA,NA,-9,800,700,100,100,300,300,0,NA,-9,-9,-9,-9,-9,1.662e+10,"Paraguay"
19,1,2,2,NA,NA,NA,2,1987,2,NA,1,5,1,0,2,NA,2,NA,2,NA,NA,1,1,1,3.456e+09,0,0,80,48,2,NA,NA,NA,NA,55,25,30,-9,-9,-9,0,NA,-9,6e+08,3e+08,3e+06,2551500000,6e+08,"Paraguay"
22,1,3,2,NA,NA,NA,2,1954,2,NA,1,1,0,1,1,-9,2,NA,2,NA,NA,2,1,1,-9,NA,NA,98,-9,1,-9,NA,NA,-9,180,120,60,-9,-9,-9,0,NA,95,-9,-9,-9,-9,-9,"Paraguay"
51,3,3,1,4,1,2,2,1966,1,6,2,NA,NA,NA,1,30,2,NA,NA,NA,NA,1,1,3,1.44e+11,NA,NA,NA,NA,1,-9,NA,NA,-9,300,NA,NA,NA,NA,NA,-9,NA,100,-9,NA,1.8e+07,NA,NA,"Paraguay"
45,3,3,2,NA,NA,NA,2,1979,1,30,2,NA,NA,NA,1,20,1,60,NA,NA,NA,1,1,4,5.4e+10,NA,NA,NA,NA,1,1.62e+09,1,100,0,120,NA,NA,NA,NA,NA,-9,NA,70,-9,NA,-9,NA,NA,"Paraguay"
26,1,3,2,NA,NA,NA,2,2011,2,NA,1,0,NA,NA,2,NA,2,NA,2,NA,NA,1,1,1,1e+10,NA,NA,50,48,1,3e+08,1,80,0,150,120,30,15,10,-9,150,2,-9,-9,-9,-9,-9,-9,"Paraguay"
51,3,2,2,NA,NA,NA,5,1990,2,NA,1,2,0,1,2,NA,2,NA,NA,NA,NA,1,1,3,3.5e+09,NA,NA,NA,NA,2,NA,NA,NA,NA,20,NA,NA,NA,NA,NA,0,NA,100,4e+08,NA,1.8e+07,NA,NA,"Paraguay"
45,3,2,2,NA,NA,NA,2,2004,2,NA,1,0,NA,NA,2,NA,2,NA,NA,NA,NA,1,1,4,8.25e+10,NA,NA,NA,NA,1,1.375e+10,1,100,1e+08,89,NA,NA,NA,NA,NA,-9,NA,50,1.65e+10,NA,6.6e+09,NA,NA,"Paraguay"
51,3,3,2,NA,NA,NA,2,2005,2,NA,1,0,NA,NA,1,-9,2,NA,NA,NA,NA,1,1,3,7.4e+10,NA,NA,NA,NA,1,3.2e+08,1,2,0,144,NA,NA,NA,NA,NA,0,NA,2,1.1056e+10,NA,1.9e+08,NA,NA,"Paraguay"
45,3,1,2,NA,NA,NA,1,1973,2,NA,2,NA,NA,NA,2,NA,2,NA,NA,NA,NA,1,1,4,3.3e+09,NA,NA,NA,NA,2,NA,NA,NA,NA,12,NA,NA,NA,NA,NA,30,2,99,8e+08,NA,1.2e+07,NA,NA,"Paraguay"
52,2,2,2,NA,NA,NA,2,1981,2,NA,1,1,0,30,2,NA,2,NA,NA,NA,NA,1,1,2,1.5e+10,NA,NA,NA,NA,1,2e+08,2,NA,0,25,NA,NA,NA,NA,NA,2,3,100,1e+09,NA,3e+07,NA,NA,"Paraguay"
50,3,2,2,NA,NA,NA,3,2004,2,NA,2,NA,NA,NA,2,NA,2,NA,NA,NA,NA,2,1,6,1.2e+10,NA,NA,NA,NA,2,NA,NA,NA,NA,18,NA,NA,NA,NA,NA,0,NA,80,9.6e+08,NA,1.2e+07,NA,NA,"Paraguay"
51,3,1,2,NA,NA,NA,2,2006,2,NA,1,5,0,1,2,NA,2,NA,NA,NA,NA,1,1,3,5.79e+09,NA,NA,NA,NA,1,0,NA,NA,3e+07,8,NA,NA,NA,NA,NA,0,NA,100,1.51e+08,NA,8e+06,NA,NA,"Paraguay"
52,2,1,1,3,1,1,5,2009,2,NA,1,0,NA,NA,1,1,2,NA,NA,NA,NA,1,2,2,1e+10,NA,NA,NA,NA,1,5e+06,1,100,2e+08,8,NA,NA,NA,NA,NA,0,NA,100,3.12e+08,NA,8500000,NA,NA,"Paraguay"
51,3,2,2,NA,NA,NA,2,2002,2,NA,1,1,0,30,2,NA,2,NA,NA,NA,NA,1,1,3,9.5e+09,NA,NA,NA,NA,2,NA,NA,NA,NA,60,NA,NA,NA,NA,NA,0,NA,100,2.04e+09,NA,1.8e+09,NA,NA,"Paraguay"
50,3,3,2,NA,NA,NA,2,1956,2,NA,1,1,0,1,1,20,2,NA,NA,NA,NA,2,1,6,4.2e+09,NA,NA,NA,NA,1,2e+08,1,80,-9,500,NA,NA,NA,NA,NA,400,12,80,-9,NA,1.5e+07,NA,NA,"Paraguay"
52,2,3,1,7,1,1,2,1998,1,15,1,15,3,0,1,3,1,10,NA,NA,NA,1,2,2,6e+10,NA,NA,NA,NA,1,2e+09,1,80,2.5e+09,160,NA,NA,NA,NA,NA,0,NA,100,4e+09,NA,1.2e+09,NA,NA,"Paraguay"
52,2,1,2,NA,NA,NA,2,2008,2,NA,2,NA,NA,NA,2,NA,2,NA,NA,NA,NA,1,1,2,8e+09,NA,NA,NA,NA,2,NA,NA,NA,NA,15,NA,NA,NA,NA,NA,0,NA,100,4.8e+08,NA,4.8e+07,NA,NA,"Paraguay"
27,1,3,2,NA,NA,NA,5,1991,1,1,1,5,1,0,2,NA,2,NA,2,NA,NA,1,1,1,5.8e+10,NA,NA,14,120,1,-9,NA,NA,0,100,30,70,30,0,0,0,NA,-9,3e+09,3e+10,2e+08,4.5e+10,-9,"Paraguay"
51,3,2,2,NA,NA,NA,1,1993,2,NA,1,1,0,0,2,NA,2,NA,NA,NA,NA,1,1,3,-9,NA,NA,NA,NA,1,2.2e+07,1,100,0,25,NA,NA,NA,NA,NA,0,NA,100,-9,NA,-9,NA,NA,"Paraguay"
21,1,3,2,NA,NA,NA,2,1979,1,15,1,1,1,0,1,2,2,NA,2,NA,NA,1,1,1,4.8e+10,NA,NA,85,168,1,1.5e+09,1,100,0,290,210,80,166,44,0,40,3,80,6e+09,9e+09,1.3e+09,1.93e+10,5.5e+10,"Paraguay"
24,1,3,2,NA,NA,NA,2,1935,2,NA,1,0,NA,NA,1,100,2,NA,2,NA,NA,1,1,1,5e+10,NA,NA,90,96,1,2e+09,1,70,5e+11,700,300,400,100,200,0,0,NA,99,5e+09,1.8e+10,2e+08,2700000,1.5e+11,"Paraguay"
24,1,3,2,NA,NA,NA,2,1936,2,NA,1,1,0,45,2,NA,2,NA,2,NA,NA,1,2,1,1.5e+10,0,0,70,110,1,-9,NA,NA,0,280,80,200,-9,-9,-9,50,4,-9,-9,-9,-9,-9,-9,"Paraguay"
50,3,3,2,NA,NA,NA,1,1998,2,NA,1,0,NA,NA,1,1,2,NA,NA,NA,NA,1,1,6,9e+10,NA,NA,NA,NA,2,NA,NA,NA,NA,360,NA,NA,NA,NA,NA,0,NA,100,1.53e+10,NA,1.8e+08,NA,NA,"Paraguay"
51,3,2,2,NA,NA,NA,1,1993,2,NA,2,NA,NA,NA,2,NA,2,NA,NA,NA,NA,1,1,3,1.53e+09,NA,NA,NA,NA,2,NA,NA,NA,NA,50,NA,NA,NA,NA,NA,8,1,30,1.2e+09,NA,2.4e+07,NA,NA,"Paraguay"
51,3,2,2,NA,NA,NA,2,1995,2,NA,1,1,0,40,2,NA,2,NA,NA,NA,NA,1,1,3,1.53e+09,NA,NA,NA,NA,1,6.6e+07,1,20,0,41,NA,NA,NA,NA,NA,10,10,90,1.2e+09,NA,2.4e+07,NA,NA,"Paraguay"
52,2,2,2,NA,NA,NA,1,1975,1,1,1,1,0,45,2,NA,2,NA,NA,NA,NA,1,1,2,8e+08,NA,NA,NA,NA,1,2.5e+08,1,30,0,35,NA,NA,NA,NA,NA,3,3,30,6.5e+08,NA,6e+07,NA,NA,"Paraguay"
51,3,1,2,NA,NA,NA,5,2009,2,NA,2,NA,NA,NA,2,NA,2,NA,NA,NA,NA,1,2,3,8e+08,NA,NA,NA,NA,1,3e+08,2,NA,-9,7,NA,NA,NA,NA,NA,7,-9,20,2.04e+08,NA,8e+06,NA,NA,"Paraguay"
60,3,2,2,NA,NA,NA,5,1994,2,NA,1,3,0,1,2,NA,2,NA,NA,NA,NA,1,2,6,9e+09,NA,NA,NA,NA,1,1.1e+09,1,100,0,80,NA,NA,NA,NA,NA,0,NA,90,2.4e+09,NA,3.6e+08,NA,NA,"Paraguay"
51,3,1,2,NA,NA,NA,5,1995,2,NA,1,0,NA,NA,2,NA,2,NA,NA,NA,NA,1,1,3,7e+09,NA,NA,NA,NA,2,NA,NA,NA,NA,10,NA,NA,NA,NA,NA,0,NA,100,1.4e+09,NA,1.2e+07,NA,NA,"Paraguay"
55,3,2,2,NA,NA,NA,2,1998,2,NA,1,2,2,0,1,1,2,NA,NA,NA,NA,1,1,5,5.5e+09,NA,NA,NA,NA,1,5e+08,1,100,5e+08,60,NA,NA,NA,NA,NA,10,6,100,1.5e+09,NA,1.8e+08,NA,NA,"Paraguay"
61,3,3,1,3,1,1,2,1990,2,NA,2,NA,NA,NA,2,NA,2,NA,NA,NA,NA,1,1,6,5.525e+10,NA,NA,NA,NA,2,NA,NA,NA,NA,180,NA,NA,NA,NA,NA,0,NA,100,-9,NA,-9,NA,NA,"Paraguay"
45,3,1,2,NA,NA,NA,4,1994,2,NA,1,0,NA,NA,2,NA,2,NA,NA,NA,NA,1,2,4,4e+08,NA,NA,NA,NA,1,4e+08,1,50,2.5e+08,5,NA,NA,NA,NA,NA,8,6,100,1.35e+08,NA,3e+06,NA,NA,"Paraguay"
51,3,0,2,NA,NA,NA,3,1985,2,NA,1,2,0,1,2,NA,2,NA,NA,NA,NA,1,2,3,1300590000,NA,NA,NA,NA,2,NA,NA,NA,NA,4,NA,NA,NA,NA,NA,4,1,100,1.5e+08,NA,2700000,NA,NA,"Paraguay"
55,3,3,2,NA,NA,NA,1,1945,2,NA,1,5,0,1,1,70,2,NA,NA,NA,NA,1,1,5,4.45e+10,NA,NA,NA,NA,1,4.45e+09,-9,NA,4e+08,250,NA,NA,NA,NA,NA,30,1,85,7.2e+09,NA,1e+08,NA,NA,"Paraguay"
60,3,1,2,NA,NA,NA,2,2010,1,60,1,1,1,0,2,NA,2,NA,NA,NA,NA,1,1,6,8.5e+10,NA,NA,NA,NA,1,6.48e+09,1,45,4.2e+08,18,NA,NA,NA,NA,NA,0,NA,-9,5e+08,NA,3.8e+07,NA,NA,"Paraguay"
51,3,3,1,61,1,1,1,2000,2,NA,1,0,NA,NA,1,2,2,NA,NA,NA,NA,1,1,6,4.9e+11,NA,NA,NA,NA,1,1e+10,2,NA,1e+10,351,NA,NA,NA,NA,NA,0,NA,0,1.045e+10,NA,1.625e+09,NA,NA,"Paraguay"
50,3,1,2,NA,NA,NA,2,1997,2,NA,1,0,NA,NA,1,10,2,NA,NA,NA,NA,1,2,6,1.5e+09,NA,NA,NA,NA,2,NA,NA,NA,NA,8,NA,NA,NA,NA,NA,0,NA,100,1.2e+08,NA,1.2e+08,NA,NA,"Paraguay"
51,3,1,2,NA,NA,NA,5,2001,2,NA,2,NA,NA,NA,2,NA,2,NA,NA,NA,NA,1,2,3,1.2e+10,NA,NA,NA,NA,2,NA,NA,NA,NA,9,NA,NA,NA,NA,NA,1,12,45,3.6e+08,NA,1400000,NA,NA,"Paraguay"
24,1,3,2,NA,NA,NA,2,1968,2,NA,1,2,3,0,1,70,2,NA,2,NA,NA,1,1,1,7.2e+10,NA,NA,90,161,1,5.55e+09,1,50,1.665e+09,258,188,70,50,100,38,0,NA,90,2.52e+10,8.64e+09,7.2e+09,7e+10,-9,"Paraguay"
51,3,3,2,NA,NA,NA,2,1980,2,NA,1,0,NA,NA,1,1,2,NA,NA,NA,NA,1,1,3,1.1e+11,NA,NA,NA,NA,1,5e+08,2,NA,0,120,NA,NA,NA,NA,NA,0,NA,90,1e+10,NA,1.2e+08,NA,NA,"Paraguay"
52,2,3,1,7,1,2,2,2000,2,NA,1,2,2,0,1,5,2,NA,NA,NA,NA,1,2,2,6.55e+10,NA,NA,NA,NA,1,7e+08,2,NA,0,100,NA,NA,NA,NA,NA,0,NA,90,3.6e+09,NA,4.2e+08,NA,NA,"Paraguay"
51,3,2,2,NA,NA,NA,1,1998,1,15,1,3,0,1,1,2,2,NA,NA,NA,NA,1,2,3,3e+10,NA,NA,NA,NA,1,0,NA,NA,5e+07,35,NA,NA,NA,NA,NA,0,NA,50,1.3e+09,NA,1.1e+08,NA,NA,"Paraguay"
52,2,1,2,NA,NA,NA,5,1991,2,NA,1,0,NA,NA,2,NA,2,NA,NA,NA,NA,1,2,2,1.9e+09,NA,NA,NA,NA,2,NA,NA,NA,NA,8,NA,NA,NA,NA,NA,2,6,90,2e+08,NA,1.5e+07,NA,NA,"Paraguay"
52,2,0,2,NA,NA,NA,5,1986,2,NA,1,0,NA,NA,2,NA,2,NA,NA,NA,NA,2,2,2,1.1e+09,NA,NA,NA,NA,2,NA,NA,NA,NA,3,NA,NA,NA,NA,NA,-9,NA,-9,1e+08,NA,3e+06,NA,NA,"Paraguay"
52,2,1,2,NA,NA,NA,5,1998,2,NA,2,NA,NA,NA,2,NA,2,NA,NA,NA,NA,2,2,2,1e+09,NA,NA,NA,NA,2,NA,NA,NA,NA,10,NA,NA,NA,NA,NA,0,NA,100,2.4e+08,NA,4e+07,NA,NA,"Paraguay"
25,1,1,2,NA,NA,NA,5,1998,1,-9,1,-9,NA,NA,2,NA,2,NA,2,NA,NA,2,2,1,3.5e+08,NA,NA,60,90,2,NA,NA,NA,NA,6,3,3,3,0,0,1,1,100,1.5e+08,1.1e+08,2e+07,2.9e+08,5e+08,"Paraguay"
22,1,2,2,NA,NA,NA,1,2000,1,7,1,0,NA,NA,2,NA,2,NA,2,NA,NA,1,1,1,5.572e+09,NA,NA,100,45,1,5572000,1,100,8e+08,20,15,5,5,10,0,10,12,55,1e+09,2.22e+09,-9,3.33e+09,2.775e+09,"Paraguay"
29,1,2,2,NA,NA,NA,5,1989,2,NA,1,5,1,0,2,NA,2,NA,2,NA,NA,1,1,1,8e+09,NA,NA,45,22,2,NA,NA,NA,NA,25,20,5,7,13,0,0,NA,70,1.2e+09,4.85e+09,29500000,6.5e+09,4.5e+09,"Paraguay"
45,3,0,2,NA,NA,NA,3,2012,2,NA,1,1,0,1,2,NA,2,NA,NA,NA,NA,1,1,4,-9,NA,NA,NA,NA,1,1.2e+08,2,NA,0,2,NA,NA,NA,NA,NA,2,3,100,-9,NA,7e+06,NA,NA,"Paraguay"
52,2,2,1,5,1,2,2,1985,2,NA,1,0,NA,NA,2,NA,2,NA,NA,NA,NA,1,1,2,5.7e+09,NA,NA,NA,NA,1,1.7e+08,1,70,0,40,NA,NA,NA,NA,NA,5,12,97,1.728e+09,NA,9e+07,NA,NA,"Paraguay"
51,3,2,2,NA,NA,NA,5,1979,2,NA,1,0,NA,NA,2,NA,2,NA,NA,NA,NA,1,1,3,-9,NA,NA,NA,NA,2,NA,NA,NA,NA,20,NA,NA,NA,NA,NA,3,3,90,-9,NA,4e+07,NA,NA,"Paraguay"
15,1,3,1,5,1,1,2,1987,2,NA,1,10,0,1,1,1,2,NA,2,NA,NA,1,1,1,6.72e+11,0,0,90,70,1,1.68e+10,1,50,6e+07,450,400,50,350,50,0,0,NA,99,5.6e+10,5.04e+11,3e+08,6.44e+11,8.4e+11,"Paraguay"
22,1,3,2,NA,NA,NA,2,1967,2,NA,1,1,0,30,1,10,2,NA,2,NA,NA,1,1,1,1.35e+11,NA,NA,35,160,1,1.33e+09,1,50,2.3e+08,632,385,247,38,22,325,0,NA,90,5.936e+10,4.3718e+10,5.94e+08,1.09454e+11,-9,"Paraguay"
21,1,3,2,NA,NA,NA,1,1980,2,NA,1,0,NA,NA,1,1,2,NA,2,NA,NA,1,1,1,9e+10,NA,NA,-9,40,2,NA,NA,NA,NA,250,200,-9,22,-9,-9,0,NA,100,-9,-9,-9,7e+10,-9,"Paraguay"
60,3,2,2,NA,NA,NA,2,1967,2,NA,2,NA,NA,NA,1,-9,2,NA,NA,NA,NA,1,1,6,4e+09,NA,NA,NA,NA,2,NA,NA,NA,NA,33,NA,NA,NA,NA,NA,0,NA,100,1.3e+09,NA,1.2e+08,NA,NA,"Paraguay"
60,3,1,2,NA,NA,NA,1,2002,2,NA,2,NA,NA,NA,2,NA,2,NA,NA,NA,NA,2,2,6,-9,NA,NA,NA,NA,2,NA,NA,NA,NA,6,NA,NA,NA,NA,NA,0,NA,-9,1.5e+08,NA,2.4e+07,NA,NA,"Paraguay"
34,1,1,2,NA,NA,NA,2,2014,2,NA,1,1,3,0,2,NA,2,NA,2,NA,NA,1,2,1,3.7e+08,NA,NA,60,50,1,6e+08,1,50,1e+07,5,4,1,1,2,1,2,6,100,6e+07,1.2e+08,6e+06,3.8e+08,-9,"Paraguay"
52,2,1,2,NA,NA,NA,5,1989,2,NA,1,0,NA,NA,2,NA,2,NA,NA,NA,NA,1,1,2,12696695000,NA,NA,NA,NA,1,1.8e+09,1,1,1.5e+09,15,NA,NA,NA,NA,NA,0,NA,100,2.5e+09,NA,1.5e+07,NA,NA,"Paraguay"
50,3,1,2,NA,NA,NA,5,2001,2,NA,1,6,0,1,2,NA,2,NA,NA,NA,NA,1,2,3,3.527e+09,NA,NA,NA,NA,2,NA,NA,NA,NA,11,NA,NA,NA,NA,NA,0,NA,100,210387000,NA,3572000,NA,NA,"Paraguay"
18,1,2,2,NA,NA,NA,1,1991,2,NA,1,-9,NA,NA,2,NA,2,NA,2,NA,NA,1,1,1,-9,NA,NA,80,45,1,1e+08,1,-9,0,22,15,7,15,0,0,-9,NA,100,-9,-9,-9,-9,-9,"Paraguay"
52,2,1,2,NA,NA,NA,5,1997,2,NA,1,1,0,30,2,NA,2,NA,NA,NA,NA,2,2,2,-9,NA,NA,NA,NA,1,-9,NA,NA,-9,6,NA,NA,NA,NA,NA,0,NA,100,-9,NA,-9,NA,NA,"Paraguay"
51,3,2,1,5,1,2,5,1997,1,-9,1,2,0,1,2,NA,1,-9,NA,NA,NA,1,1,3,1.755e+09,NA,NA,NA,NA,1,2.34e+08,2,NA,0,35,NA,NA,NA,NA,NA,0,NA,-9,-9,NA,-9,NA,NA,"Paraguay"
24,1,2,2,NA,NA,NA,2,1986,2,NA,1,4,2,0,1,3,2,NA,2,NA,NA,1,2,1,2e+09,NA,NA,50,50,2,NA,NA,NA,NA,25,15,10,0,5,10,0,NA,100,4e+08,4e+08,1.5e+07,1e+09,8e+08,"Paraguay"
52,2,1,1,2,1,2,2,2009,2,NA,1,0,NA,NA,2,NA,2,NA,NA,NA,NA,1,1,2,1.98e+09,NA,NA,NA,NA,1,1.5e+08,1,100,0,19,NA,NA,NA,NA,NA,0,NA,90,-9,NA,1e+07,NA,NA,"Paraguay"
52,2,0,2,NA,NA,NA,5,1989,2,NA,1,1,1,0,2,NA,2,NA,NA,NA,NA,1,1,2,-9,NA,NA,NA,NA,2,NA,NA,NA,NA,4,NA,NA,NA,NA,NA,0,NA,100,-9,NA,-9,NA,NA,"Paraguay"
52,2,2,1,-9,2,NA,2,1985,2,NA,1,1,0,50,2,NA,2,NA,NA,NA,NA,1,1,2,2.4e+10,NA,NA,NA,NA,2,NA,NA,NA,NA,80,NA,NA,NA,NA,NA,0,NA,90,1.6695e+10,NA,49273000,NA,NA,"Paraguay"
51,3,3,2,NA,NA,NA,1,1986,2,NA,2,NA,NA,NA,1,70,2,NA,NA,NA,NA,1,1,3,1.25e+11,NA,NA,NA,NA,1,-9,NA,NA,-9,205,NA,NA,NA,NA,NA,0,NA,95,7.2e+09,NA,8e+08,NA,NA,"Paraguay"
52,2,0,2,NA,NA,NA,3,2004,2,NA,1,0,NA,NA,2,NA,2,NA,NA,NA,NA,2,2,2,5e+08,NA,NA,NA,NA,2,NA,NA,NA,NA,2,NA,NA,NA,NA,NA,-9,NA,-9,5e+07,NA,3e+07,NA,NA,"Paraguay"
15,1,2,2,NA,NA,NA,2,2002,1,7,1,3,0,1,2,NA,2,NA,1,3,1,1,1,1,4e+09,NA,NA,60,168,1,1.2e+09,1,50,0,40,25,15,25,0,0,0,NA,80,1e+09,-9,8e+07,-9,6e+09,"Paraguay"
51,3,2,2,NA,NA,NA,5,2006,2,NA,1,0,NA,NA,2,NA,2,NA,NA,NA,NA,1,1,3,1.5e+10,NA,NA,NA,NA,1,1.5e+09,1,100,0,60,NA,NA,NA,NA,NA,0,NA,90,1.62e+09,NA,1.5e+07,NA,NA,"Paraguay"
50,3,3,2,NA,NA,NA,2,2003,2,NA,2,NA,NA,NA,2,NA,2,NA,NA,NA,NA,1,1,6,-9,NA,NA,NA,NA,1,-9,NA,NA,-9,203,NA,NA,NA,NA,NA,0,NA,58,-9,NA,-9,NA,NA,"Paraguay"
15,1,2,2,NA,NA,NA,5,1998,2,NA,1,3,3,0,2,NA,2,NA,2,NA,NA,1,1,1,4e+09,NA,NA,100,94,1,2e+07,2,NA,-9,38,18,20,9,9,0,0,NA,-9,1.6e+09,1e+09,9.5e+07,4e+09,2.22e+10,"Paraguay"
28,1,2,2,NA,NA,NA,2,1995,1,60,1,12,0,30,2,NA,2,NA,-7,NA,NA,1,1,1,1.74e+11,NA,NA,80,120,1,850500000,1,20,0,67,25,42,-9,-9,-9,0,NA,100,3177974899,19196477108,226153737,157660687601,-9,"Paraguay"
36,1,3,2,NA,NA,NA,2,1954,1,-9,1,15,1,0,1,-9,2,NA,-7,NA,NA,1,1,1,3.456e+10,NA,NA,100,48,2,NA,NA,NA,NA,180,60,-9,-9,-9,-9,0,NA,-9,-9,-9,-9,-9,5.67e+09,"Paraguay"
52,2,1,2,NA,NA,NA,5,1988,1,7,1,1,0,1,2,NA,2,NA,NA,NA,NA,2,1,2,1.096e+10,NA,NA,NA,NA,1,1e+08,2,NA,1.5e+09,16,NA,NA,NA,NA,NA,0,NA,60,3e+08,NA,6e+07,NA,NA,"Paraguay"
52,2,1,2,NA,NA,NA,3,2011,2,NA,2,NA,NA,NA,2,NA,2,NA,NA,NA,NA,2,2,2,1.35e+08,NA,NA,NA,NA,2,NA,NA,NA,NA,5,NA,NA,NA,NA,NA,0,NA,-9,6e+07,NA,6e+06,NA,NA,"Paraguay"
15,1,3,1,7,1,2,2,1955,1,30,1,12,1,0,1,1,1,30,2,NA,NA,1,1,1,1.5e+10,NA,NA,90,112,1,8e+08,1,70,0,180,50,130,5,20,25,0,NA,-9,4.5e+09,7.5e+09,5e+08,1.2e+07,-9,"Paraguay"
50,3,1,2,NA,NA,NA,5,1997,2,NA,1,3,1,3,2,NA,2,NA,NA,NA,NA,1,2,2,8e+09,NA,NA,NA,NA,1,3e+08,1,70,2.5e+09,19,NA,NA,NA,NA,NA,0,NA,100,5e+08,NA,3.5e+07,NA,NA,"Paraguay"
52,2,1,2,NA,NA,NA,3,2008,2,NA,1,0,NA,NA,2,NA,2,NA,NA,NA,NA,1,1,2,2.88e+08,NA,NA,NA,NA,2,NA,NA,NA,NA,5,NA,NA,NA,NA,NA,0,NA,-9,-9,NA,1200000,NA,NA,"Paraguay"
15,1,3,2,NA,NA,NA,2,1998,1,1,1,12,2,0,1,-9,2,NA,-7,NA,NA,1,1,1,3e+10,NA,NA,80,150,1,3e+09,1,80,2.5e+09,250,60,190,30,30,0,0,NA,80,-9,1.2e+10,5e+08,1.4e+10,-9,"Paraguay"
51,3,1,2,NA,NA,NA,2,1997,2,NA,1,0,NA,NA,2,NA,2,NA,NA,NA,NA,1,1,3,9.75e+09,NA,NA,NA,NA,1,-9,NA,NA,-9,18,NA,NA,NA,NA,NA,2,2,98,4.5e+08,NA,6e+06,NA,NA,"Paraguay"
60,3,2,2,NA,NA,NA,2,1996,1,5,2,NA,NA,NA,2,NA,1,5,NA,NA,NA,1,1,6,2.2e+09,NA,NA,NA,NA,1,1.665e+09,1,100,0,25,NA,NA,NA,NA,NA,0,NA,80,6.5e+08,NA,2e+07,NA,NA,"Paraguay"
52,2,1,2,NA,NA,NA,3,2003,2,NA,1,1,0,1,2,NA,2,NA,NA,NA,NA,1,1,2,7.9e+08,NA,NA,NA,NA,2,NA,NA,NA,NA,7,NA,NA,NA,NA,NA,0,NA,100,1e+08,NA,5e+06,NA,NA,"Paraguay"
18,1,1,2,NA,NA,NA,5,1978,2,NA,1,-9,NA,NA,2,NA,2,NA,-7,NA,NA,1,1,1,2.5e+08,NA,NA,40,45,2,NA,NA,NA,NA,7,3,4,-9,0,2,0,NA,-9,-9,1e+08,8e+06,2.5e+08,-9,"Paraguay"
29,1,1,2,NA,NA,NA,2,1991,2,NA,1,0,NA,NA,1,1,2,NA,2,NA,NA,1,1,1,5e+09,NA,NA,95,50,2,NA,NA,NA,NA,17,7,10,4,3,0,0,NA,88,155800000,2.79e+08,1.2e+07,9.43e+08,6.7e+09,"Paraguay"
34,1,1,2,NA,NA,NA,2,2002,2,NA,1,1,0,1,2,NA,2,NA,2,NA,NA,2,1,1,-9,NA,NA,-9,-9,2,NA,NA,NA,NA,14,10,4,10,0,0,0,NA,-9,-9,-9,-9,-9,-9,"Paraguay"
52,2,1,2,NA,NA,NA,3,2003,1,2,1,2,3,0,2,NA,2,NA,NA,NA,NA,2,2,2,6.12e+08,NA,NA,NA,NA,2,NA,NA,NA,NA,5,NA,NA,NA,NA,NA,0,NA,60,1e+08,NA,8400000,NA,NA,"Paraguay"
15,1,3,2,NA,NA,NA,2,2006,2,NA,1,0,NA,NA,2,NA,2,NA,2,NA,NA,1,1,1,2e+10,NA,NA,100,50,1,1.5e+09,1,90,1.1e+09,120,40,80,3,30,7,-9,NA,-9,3e+09,8e+09,6e+08,1.2e+10,3e+10,"Paraguay"
52,2,1,2,NA,NA,NA,5,1999,2,NA,1,4,2,0,2,NA,2,NA,NA,NA,NA,1,1,2,7e+08,NA,NA,NA,NA,2,NA,NA,NA,NA,5,NA,NA,NA,NA,NA,2,6,-9,1.3e+08,NA,1500000,NA,NA,"Paraguay"
51,3,1,2,NA,NA,NA,5,1996,2,NA,1,1,1,0,2,NA,2,NA,NA,NA,NA,2,2,3,3.5e+08,NA,NA,NA,NA,2,NA,NA,NA,NA,7,NA,NA,NA,NA,NA,0,NA,70,134400000,NA,3300000,NA,NA,"Paraguay"
52,2,3,1,26,1,2,2,1980,2,NA,1,5,1,0,1,100,2,NA,NA,NA,NA,1,1,2,1.16e+11,NA,NA,NA,NA,1,2.835e+09,2,NA,0,300,NA,NA,NA,NA,NA,6,3,100,1.66e+10,NA,3.1e+08,NA,NA,"Paraguay"
27,1,2,2,NA,NA,NA,3,1985,1,5,1,2,1,0,2,NA,2,NA,1,2,1,1,1,1,-9,NA,NA,80,94,2,NA,NA,NA,NA,50,38,12,25,3,10,25,3,100,-9,-9,-9,-9,-9,"Paraguay"
52,2,3,1,7,1,1,2,1997,1,1,1,-9,NA,NA,1,-9,2,NA,NA,NA,NA,1,1,2,5.55e+11,NA,NA,NA,NA,1,5.55e+10,2,NA,1.11e+10,1100,NA,NA,NA,NA,NA,100,2,-9,6.66e+10,NA,-9,NA,NA,"Paraguay"
15,1,2,2,NA,NA,NA,2,1978,2,NA,1,1,0,50,1,10,2,NA,2,NA,NA,1,1,1,2.1e+10,NA,NA,-9,10,1,2e+08,2,NA,0,80,50,30,50,0,0,0,NA,80,3e+09,1.3e+10,1.2e+08,1.8e+10,-9,"Paraguay"
51,3,2,2,NA,NA,NA,2,1994,2,NA,1,0,NA,NA,1,2,2,NA,NA,NA,NA,1,1,3,8e+10,NA,NA,NA,NA,1,5e+08,2,NA,3e+08,70,NA,NA,NA,NA,NA,50,2,70,5e+09,NA,-9,NA,NA,"Paraguay"
52,2,1,2,NA,NA,NA,2,2012,2,NA,1,1,0,1,2,NA,2,NA,NA,NA,NA,2,1,2,1.8e+09,NA,NA,NA,NA,1,2e+08,2,NA,0,7,NA,NA,NA,NA,NA,8,2,90,1.4e+09,NA,1.2e+07,NA,NA,"Paraguay"
52,2,3,2,NA,NA,NA,2,1981,1,1,1,1,0,1,1,15,1,1,NA,NA,NA,1,1,2,1.134e+11,NA,NA,NA,NA,2,NA,NA,NA,NA,240,NA,NA,NA,NA,NA,-9,NA,-9,-9,NA,-9,NA,NA,"Paraguay"
51,3,3,2,NA,NA,NA,2,1955,2,NA,1,20,23,0,1,30,2,NA,NA,NA,NA,1,1,3,1e+11,NA,NA,NA,NA,2,NA,NA,NA,NA,180,NA,NA,NA,NA,NA,20,1,100,1.2e+10,NA,1.8e+08,NA,NA,"Paraguay"
26,1,3,2,NA,NA,NA,2,1996,2,NA,1,-9,NA,NA,1,3,2,NA,2,NA,NA,1,1,1,1.1e+10,NA,NA,7,50,1,1235157440,1,50,5e+08,125,80,45,2,5,73,0,NA,-9,8761898697,3505827146,-9,-9,-9,"Paraguay"
50,3,3,2,NA,NA,NA,1,1966,1,45,1,6,1,0,1,-9,1,1,NA,NA,NA,1,1,6,-9,NA,NA,NA,NA,1,-9,NA,NA,-9,1600,NA,NA,NA,NA,NA,-9,NA,-9,-9,NA,-9,NA,NA,"Paraguay"
51,3,3,2,NA,NA,NA,2,1968,1,10,1,-9,NA,NA,2,NA,2,NA,NA,NA,NA,1,1,3,1.333e+09,NA,NA,NA,NA,1,5.5e+08,1,-9,0,160,NA,NA,NA,NA,NA,-9,NA,90,-9,NA,-9,NA,NA,"Paraguay"
52,2,1,2,NA,NA,NA,3,1998,2,NA,1,9,1,0,2,NA,2,NA,NA,NA,NA,1,2,2,6e+08,NA,NA,NA,NA,2,NA,NA,NA,NA,5,NA,NA,NA,NA,NA,0,NA,-9,-9,NA,3e+06,NA,NA,"Paraguay"
25,1,1,1,20,1,1,2,1997,2,NA,1,0,NA,NA,2,NA,2,NA,2,NA,NA,1,1,1,6e+08,NA,NA,50,50,2,NA,NA,NA,NA,10,6,4,1,5,0,0,NA,100,66415000,3.38e+08,6500000,6e+08,-9,"Paraguay"
35,1,3,2,NA,NA,NA,2,1978,2,NA,2,NA,NA,NA,1,1,2,NA,-7,NA,NA,1,1,1,2.5515e+11,NA,NA,40,52,1,-9,NA,NA,-9,600,180,420,-9,-9,-9,300,12,100,-9,-9,-9,-9,-9,"Paraguay"
45,3,1,2,NA,NA,NA,2,2010,2,NA,1,4,3,0,2,NA,2,NA,NA,NA,NA,1,1,6,3.9e+09,NA,NA,NA,NA,1,5.37e+08,1,-9,0,7,NA,NA,NA,NA,NA,0,NA,100,6e+08,NA,4.2e+07,NA,NA,"Paraguay"
51,3,2,2,NA,NA,NA,2,1997,2,NA,1,5,1,0,2,NA,2,NA,NA,NA,NA,1,1,3,-9,NA,NA,NA,NA,2,NA,NA,NA,NA,25,NA,NA,NA,NA,NA,0,NA,85,-9,NA,-9,NA,NA,"Paraguay"
15,1,3,2,NA,NA,NA,2,1977,2,NA,1,0,NA,NA,1,-9,2,NA,2,NA,NA,1,1,1,1.221e+11,NA,NA,100,140,1,2.775e+09,1,100,0,200,140,60,140,0,0,-9,NA,-9,1.11e+10,7.77e+10,-9,1.0545e+11,-9,"Paraguay"
60,3,2,2,NA,NA,NA,2,1986,1,10,1,2,5,0,2,NA,2,NA,NA,NA,NA,1,1,6,4.7175e+10,NA,NA,NA,NA,2,NA,NA,NA,NA,30,NA,NA,NA,NA,NA,0,NA,90,9.42e+08,NA,1e+07,NA,NA,"Paraguay"
51,3,1,2,NA,NA,NA,5,1986,2,NA,2,NA,NA,NA,2,NA,2,NA,NA,NA,NA,1,1,3,2.8e+09,NA,NA,NA,NA,2,NA,NA,NA,NA,5,NA,NA,NA,NA,NA,5,1,100,4.85e+08,NA,3.5e+07,NA,NA,"Paraguay"
60,3,3,2,NA,NA,NA,2,2000,2,NA,2,NA,NA,NA,2,NA,2,NA,NA,NA,NA,1,1,6,8.325e+13,NA,NA,NA,NA,2,NA,NA,NA,NA,550,NA,NA,NA,NA,NA,0,NA,95,3e+10,NA,8e+09,NA,NA,"Paraguay"
51,3,3,2,NA,NA,NA,2,1982,2,NA,2,NA,NA,NA,2,NA,2,NA,NA,NA,NA,1,1,3,-9,NA,NA,NA,NA,2,NA,NA,NA,NA,100,NA,NA,NA,NA,NA,0,NA,50,2.88e+09,NA,1.2e+08,NA,NA,"Paraguay"
22,1,1,2,NA,NA,NA,5,1988,2,NA,1,1,1,0,2,NA,2,NA,2,NA,NA,1,2,1,2.4e+09,NA,NA,80,52,1,3.5e+08,1,50,0,5,3,2,3,0,0,0,NA,80,1.08e+08,-9,9600000,-9,5e+08,"Paraguay"
52,2,1,2,NA,NA,NA,5,1994,2,NA,1,-9,NA,NA,2,NA,2,NA,NA,NA,NA,1,1,2,5.5e+09,NA,NA,NA,NA,2,NA,NA,NA,NA,6,NA,NA,NA,NA,NA,0,NA,-9,2e+08,NA,3.5e+07,NA,NA,"Paraguay"
51,3,2,2,NA,NA,NA,5,1988,2,NA,1,4,0,1,2,NA,2,NA,NA,NA,NA,1,1,3,1.5e+10,NA,NA,NA,NA,1,7e+07,2,NA,0,39,NA,NA,NA,NA,NA,0,NA,100,-9,NA,8640000,NA,NA,"Paraguay"
51,3,2,2,NA,NA,NA,2,1973,2,NA,1,-9,NA,NA,1,3,2,NA,NA,NA,NA,1,1,3,2017488253615,NA,NA,NA,NA,1,2.775e+10,1,30,2.775e+10,85,NA,NA,NA,NA,NA,0,NA,-9,-9,NA,-9,NA,NA,"Paraguay"
52,2,1,2,NA,NA,NA,2,1975,2,NA,2,NA,NA,NA,-9,NA,2,NA,NA,NA,NA,2,1,2,358620000,NA,NA,NA,NA,2,NA,NA,NA,NA,5,NA,NA,NA,NA,NA,0,NA,100,122750000,NA,7200000,NA,NA,"Paraguay"
60,3,1,2,NA,NA,NA,5,2002,2,NA,1,1,0,40,2,NA,2,NA,NA,NA,NA,1,1,6,-9,NA,NA,NA,NA,1,1e+09,1,-9,0,5,NA,NA,NA,NA,NA,3,6,100,-9,NA,-9,NA,NA,"Paraguay"
52,2,1,2,NA,NA,NA,3,2007,2,NA,1,15,1,0,2,NA,2,NA,NA,NA,NA,2,2,2,6e+08,NA,NA,NA,NA,2,NA,NA,NA,NA,6,NA,NA,NA,NA,NA,0,NA,-9,1.5e+08,NA,3e+06,NA,NA,"Paraguay"
52,2,1,2,NA,NA,NA,3,2000,2,NA,2,NA,NA,NA,2,NA,2,NA,NA,NA,NA,2,2,2,3.6e+08,NA,NA,NA,NA,2,NA,NA,NA,NA,5,NA,NA,NA,NA,NA,0,NA,100,1e+08,NA,14400000,NA,NA,"Paraguay"
52,2,1,2,NA,NA,NA,5,2010,2,NA,1,2,5,0,2,NA,2,NA,NA,NA,NA,1,2,2,3e+09,NA,NA,NA,NA,1,6e+07,2,NA,0,6,NA,NA,NA,NA,NA,6,2,95,1.2e+08,NA,3e+07,NA,NA,"Paraguay"
52,2,2,2,NA,NA,NA,1,1974,2,NA,1,0,NA,NA,1,40,2,NA,NA,NA,NA,1,1,2,1.09e+10,NA,NA,NA,NA,1,5e+07,1,50,-9,40,NA,NA,NA,NA,NA,0,NA,95,1e+08,NA,3.6e+07,NA,NA,"Paraguay"
52,2,2,2,NA,NA,NA,3,1995,2,NA,1,4,2,30,2,NA,2,NA,NA,NA,NA,1,2,2,7e+09,NA,NA,NA,NA,1,3e+07,1,5,0,30,NA,NA,NA,NA,NA,10,3,90,2e+09,NA,1800000,NA,NA,"Paraguay"
22,1,3,2,NA,NA,NA,2,1973,2,NA,1,-9,NA,NA,1,-9,2,NA,2,NA,NA,1,1,1,8.325e+10,NA,NA,10,120,1,1942500000,1,57,3e+08,500,70,430,5,10,55,0,NA,-9,2.775e+10,1.11e+10,138750000,3.9435e+10,-9,"Paraguay"
52,2,2,2,NA,NA,NA,2,1991,2,NA,2,NA,NA,NA,2,NA,2,NA,NA,NA,NA,1,1,2,1.28e+10,NA,NA,NA,NA,2,NA,NA,NA,NA,50,NA,NA,NA,NA,NA,8,3,100,2.341e+09,NA,14400000,NA,NA,"Paraguay"
51,3,2,1,4,1,2,2,2012,1,20,1,2,0,1,1,-9,2,NA,NA,NA,NA,1,1,3,8e+09,NA,NA,NA,NA,1,0,NA,NA,1e+09,28,NA,NA,NA,NA,NA,15,2,50,1.2e+09,NA,8e+07,NA,NA,"Paraguay"
52,2,2,2,NA,NA,NA,2,2008,2,NA,1,2,0,1,2,NA,2,NA,NA,NA,NA,1,1,2,1.8e+10,NA,NA,NA,NA,2,NA,NA,NA,NA,23,NA,NA,NA,NA,NA,0,NA,70,1.2e+08,NA,6e+06,NA,NA,"Paraguay"
52,2,1,2,NA,NA,NA,2,2007,2,NA,1,-9,NA,NA,1,10,2,NA,NA,NA,NA,1,1,2,6e+09,NA,NA,NA,NA,1,5e+07,2,NA,5e+07,10,NA,NA,NA,NA,NA,0,NA,100,2.3e+08,NA,7.2e+07,NA,NA,"Paraguay"
45,3,1,2,NA,NA,NA,5,2002,2,NA,1,0,NA,NA,2,NA,2,NA,NA,NA,NA,1,2,4,7e+08,NA,NA,NA,NA,2,NA,NA,NA,NA,10,NA,NA,NA,NA,NA,0,NA,60,4e+08,NA,1200000,NA,NA,"Paraguay"
51,3,2,2,NA,NA,NA,5,1997,2,NA,1,1,0,50,2,NA,2,NA,NA,NA,NA,1,1,3,6e+09,NA,NA,NA,NA,1,5e+08,2,NA,0,22,NA,NA,NA,NA,NA,2,3,90,3.6e+08,NA,4800000,NA,NA,"Paraguay"
45,3,2,2,NA,NA,NA,2,1998,2,NA,1,1,0,30,2,NA,2,NA,NA,NA,NA,2,2,4,1e+10,NA,NA,NA,NA,2,NA,NA,NA,NA,50,NA,NA,NA,NA,NA,20,6,100,2.835e+09,NA,-9,NA,NA,"Paraguay"
50,3,2,2,NA,NA,NA,2,2000,2,NA,1,0,NA,NA,1,1,2,NA,NA,NA,NA,1,2,6,6e+09,NA,NA,NA,NA,1,2e+08,1,20,0,77,NA,NA,NA,NA,NA,10,3,25,5.1e+09,NA,5e+06,NA,NA,"Paraguay"
28,1,2,2,NA,NA,NA,2,1997,2,NA,2,NA,NA,NA,1,10,2,NA,2,NA,NA,1,1,1,89330780160,NA,NA,80,58,2,NA,NA,NA,NA,60,50,10,30,20,0,0,NA,100,3.825e+09,4.52e+09,5.4e+08,8.933e+10,1674952128000,"Paraguay"
28,1,2,1,-9,1,1,5,1978,2,NA,1,2,1,0,1,11,2,NA,2,NA,NA,1,1,1,1.2e+10,NA,NA,60,48,1,-9,NA,NA,-9,70,60,10,6,6,48,0,NA,50,1.2e+09,7.2e+09,1200000,-9,-9,"Paraguay"
51,3,1,2,NA,NA,NA,2,1997,1,2,1,5,1,0,1,1,2,NA,NA,NA,NA,1,1,3,3.6e+09,NA,NA,NA,NA,1,22680000,1,80,-9,7,NA,NA,NA,NA,NA,0,NA,100,3.5e+08,NA,6e+06,NA,NA,"Paraguay"
52,2,3,2,NA,NA,NA,2,1999,2,NA,1,1,0,30,2,NA,2,NA,NA,NA,NA,1,1,2,-9,NA,NA,NA,NA,1,5.67e+09,2,NA,-9,330,NA,NA,NA,NA,NA,40,2,100,-9,NA,-9,NA,NA,"Paraguay"
36,1,2,2,NA,NA,NA,5,1978,1,-9,1,1,2,0,1,-9,2,NA,2,NA,NA,1,1,1,1.5e+10,NA,NA,80,44,2,NA,NA,NA,NA,55,40,15,20,20,0,2,3,100,6e+09,6e+09,2e+07,-9,-9,"Paraguay"
17,1,2,2,NA,NA,NA,2,1953,2,NA,1,2,1,0,2,NA,2,NA,2,NA,NA,1,2,1,1.5e+09,NA,NA,60,50,2,NA,NA,NA,NA,25,21,4,1,8,12,0,NA,90,7.2e+08,6.5e+08,19500000,1389500000,9e+09,"Paraguay"
22,1,1,2,NA,NA,NA,5,1990,2,NA,1,1,-9,-9,2,NA,2,NA,1,-9,NA,1,1,1,9.5e+08,NA,NA,50,48,2,NA,NA,NA,NA,8,4,4,0,4,0,4,3,100,2.4e+08,2.8e+08,1.8e+07,5.38e+08,6e+08,"Paraguay"
52,2,1,2,NA,NA,NA,5,2000,2,NA,2,NA,NA,NA,2,NA,2,NA,NA,NA,NA,2,2,2,3e+08,NA,NA,NA,NA,2,NA,NA,NA,NA,5,NA,NA,NA,NA,NA,0,NA,100,2e+07,NA,14400000,NA,NA,"Paraguay"
36,1,2,2,NA,NA,NA,5,1994,2,NA,1,5,1,0,2,NA,2,NA,-7,NA,NA,1,2,1,2e+09,NA,NA,50,48,1,113400000,1,50,0,20,12,8,-9,-9,-9,0,NA,60,266400000,1215450000,55500000,1537550000,-9,"Paraguay"
51,3,1,2,NA,NA,NA,2,1995,2,NA,2,NA,NA,NA,2,NA,2,NA,NA,NA,NA,1,1,3,-9,NA,NA,NA,NA,2,NA,NA,NA,NA,12,NA,NA,NA,NA,NA,0,NA,100,-9,NA,1.2e+07,NA,NA,"Paraguay"
52,2,3,1,30,1,1,2,1983,2,NA,1,-9,NA,NA,2,NA,2,NA,NA,NA,NA,1,1,2,3.42e+11,NA,NA,NA,NA,1,3e+09,2,NA,-9,1100,NA,NA,NA,NA,NA,0,NA,-9,13674116855,NA,-9,NA,NA,"Paraguay"
45,3,2,2,NA,NA,NA,2,1977,2,NA,1,2,0,12,2,NA,2,NA,NA,NA,NA,1,1,4,3410534532,NA,NA,NA,NA,1,2.1e+08,2,NA,0,30,NA,NA,NA,NA,NA,45,6,40,1.3e+09,NA,1.5e+07,NA,NA,"Paraguay"
25,1,1,2,NA,NA,NA,2,2008,1,30,1,-9,NA,NA,2,NA,2,NA,2,NA,NA,1,2,1,1e+09,NA,NA,60,120,1,1e+08,1,100,0,15,13,2,6,6,1,1,3,-9,3e+08,2.5e+08,1e+08,-9,1e+09,"Paraguay"
52,2,3,1,3,1,1,2,2009,2,NA,1,0,NA,NA,1,100,2,NA,NA,NA,NA,1,1,2,-9,NA,NA,NA,NA,2,NA,NA,NA,NA,200,NA,NA,NA,NA,NA,0,NA,100,-9,NA,-9,NA,NA,"Paraguay"
52,2,1,2,NA,NA,NA,3,2009,2,NA,1,2,0,40,2,NA,2,NA,NA,NA,NA,2,1,2,3.5e+08,NA,NA,NA,NA,2,NA,NA,NA,NA,5,NA,NA,NA,NA,NA,0,NA,100,9e+07,NA,1200000,NA,NA,"Paraguay"
15,1,2,2,NA,NA,NA,2,1964,2,NA,1,4,1,0,2,NA,2,NA,2,NA,NA,2,1,1,1.7e+10,NA,NA,100,48,1,-9,NA,NA,-9,50,30,20,5,25,0,0,NA,75,3e+09,8e+09,-9,1.4e+10,-9,"Paraguay"
51,3,2,2,NA,NA,NA,5,2005,1,30,1,1,8,0,1,50,2,NA,NA,NA,NA,1,1,3,1.4e+10,NA,NA,NA,NA,1,2.9e+09,2,NA,-9,65,NA,NA,NA,NA,NA,0,NA,-9,7.2e+09,NA,5e+07,NA,NA,"Paraguay"
24,1,3,2,NA,NA,NA,2,1987,1,1,1,1,0,30,2,NA,2,NA,2,NA,NA,1,1,1,-9,0,0,-9,24,1,-9,NA,NA,-9,100,85,15,20,-9,-9,0,NA,100,-9,-9,-9,-9,-9,"Paraguay"
51,3,2,2,NA,NA,NA,2,1991,2,NA,1,2,3,0,2,NA,2,NA,NA,NA,NA,1,1,6,1.09e+10,NA,NA,NA,NA,2,NA,NA,NA,NA,37,NA,NA,NA,NA,NA,0,NA,50,3.27e+09,NA,2.36e+08,NA,NA,"Paraguay"
51,3,3,1,7,1,2,2,1999,2,NA,1,0,NA,NA,1,2,2,NA,NA,NA,NA,1,1,3,2.8e+11,NA,NA,NA,NA,1,-9,NA,NA,-9,1250,NA,NA,NA,NA,NA,0,NA,40,8.1e+10,NA,6e+09,NA,NA,"Paraguay"
28,1,3,1,2,1,2,5,1994,2,NA,1,1,0,1,1,10,2,NA,2,NA,NA,1,1,1,1.1e+10,NA,NA,100,48,2,NA,NA,NA,NA,120,-9,-9,-9,-9,-9,130,3,100,1.4e+09,-9,-9,3.85e+10,4e+11,"Paraguay"
50,3,3,2,NA,NA,NA,2,1986,1,20,1,5,1,0,1,20,2,NA,NA,NA,NA,1,1,6,2.22e+10,NA,NA,NA,NA,1,5.55e+09,2,NA,4e+07,500,NA,NA,NA,NA,NA,0,NA,90,6.6e+09,NA,277500000,NA,NA,"Paraguay"
45,3,2,2,NA,NA,NA,2,1995,2,NA,1,1,1,0,2,NA,2,NA,NA,NA,NA,1,2,4,8e+09,NA,NA,NA,NA,1,0,NA,NA,5.5e+08,15,NA,NA,NA,NA,NA,100,3,70,8e+08,NA,8e+06,NA,NA,"Paraguay"
21,1,1,2,NA,NA,NA,5,1996,2,NA,1,1,2,0,2,NA,2,NA,2,NA,NA,1,1,1,2.2e+09,NA,NA,70,49,2,NA,NA,NA,NA,8,7,1,7,0,0,0,NA,100,6.6e+08,6.75e+08,2.2e+08,2.1e+09,1.5e+10,"Paraguay"
22,1,2,2,NA,NA,NA,5,1987,2,NA,1,0,NA,NA,2,NA,2,NA,2,NA,NA,1,1,1,6e+09,NA,NA,80,48,2,NA,NA,NA,NA,35,12,23,0,0,12,3,3,90,5e+08,2.4e+09,7.8e+07,6e+09,7e+08,"Paraguay"
18,1,3,1,-9,1,2,2,1997,2,NA,1,-9,NA,NA,1,-9,2,NA,2,NA,NA,1,1,1,-9,NA,NA,-9,48,1,-9,NA,NA,-9,380,-9,-9,-9,-9,-9,0,NA,-9,-9,-9,-9,-9,-9,"Paraguay"
18,1,3,2,NA,NA,NA,2,2014,2,NA,1,3,1,0,1,100,2,NA,2,NA,NA,1,1,1,2.26e+10,0,0,85,44,1,5463939600,1,50,0,370,200,170,170,30,0,0,NA,60,4.4e+09,8.8e+09,6.6e+08,2e+10,840641372758050,"Paraguay"
51,3,1,2,NA,NA,NA,2,1992,2,NA,1,0,NA,NA,2,NA,2,NA,NA,NA,NA,1,1,3,1.1e+10,NA,NA,NA,NA,1,1.1e+08,2,NA,0,18,NA,NA,NA,NA,NA,0,NA,100,5.5e+08,NA,13750000,NA,NA,"Paraguay"
60,3,3,2,NA,NA,NA,5,1996,2,NA,1,1,0,50,2,NA,2,NA,NA,NA,NA,1,1,6,-9,NA,NA,NA,NA,1,-9,NA,NA,0,150,NA,NA,NA,NA,NA,0,NA,50,4e+09,NA,-9,NA,NA,"Paraguay"
18,1,2,2,NA,NA,NA,2,2000,2,NA,1,6,1,0,2,NA,2,NA,-7,NA,NA,1,1,1,2.5e+09,NA,NA,80,46,2,NA,NA,NA,NA,30,25,5,22,3,0,0,NA,20,-9,-9,-9,-9,-9,"Paraguay"
24,1,3,2,NA,NA,NA,1,1975,2,NA,2,NA,NA,NA,2,NA,2,NA,2,NA,NA,1,1,1,-9,NA,NA,35,48,2,NA,NA,NA,NA,250,90,160,40,30,20,20,1,99,-9,-9,-9,-9,-9,"Paraguay"
15,1,2,2,NA,NA,NA,5,1990,1,15,1,1,0,1,1,100,2,NA,2,NA,NA,1,1,1,1.5e+10,NA,NA,10,50,1,5e+08,2,NA,1e+09,30,14,16,0,1,13,2,2,80,7.15e+08,1.2e+10,3e+07,1.35e+10,-9,"Paraguay"
45,3,2,2,NA,NA,NA,2,2001,2,NA,2,NA,NA,NA,2,NA,2,NA,NA,NA,NA,1,1,4,8357612338,NA,NA,NA,NA,1,56700000,1,100,113400000,20,NA,NA,NA,NA,NA,80,12,100,1558228053,NA,3e+07,NA,NA,"Paraguay"
52,2,3,2,NA,NA,NA,2,1982,2,NA,2,NA,NA,NA,1,70,2,NA,NA,NA,NA,1,1,2,3.3e+09,NA,NA,NA,NA,1,2e+08,2,NA,2e+08,210,NA,NA,NA,NA,NA,0,NA,100,2.4e+09,NA,4.2e+08,NA,NA,"Paraguay"
22,1,1,2,NA,NA,NA,5,2003,2,NA,1,1,0,1,2,NA,2,NA,2,NA,NA,1,2,1,1e+08,NA,NA,90,42,2,NA,NA,NA,NA,5,5,0,5,0,0,0,NA,100,4e+07,2e+07,4e+06,8e+07,1.5e+08,"Paraguay"
45,3,2,2,NA,NA,NA,2,1994,2,NA,2,NA,NA,NA,2,NA,2,NA,NA,NA,NA,1,1,4,-9,NA,NA,NA,NA,2,NA,NA,NA,NA,50,NA,NA,NA,NA,NA,0,NA,95,-9,NA,-9,NA,NA,"Paraguay"
15,1,3,2,NA,NA,NA,2,2011,1,7,1,2,0,5,1,-9,2,NA,2,NA,NA,1,1,1,7.02e+10,0,0,60,168,1,2.925e+09,1,-9,4.68e+08,318,120,198,10,20,90,0,NA,-9,7.02e+09,3.51e+10,7e+08,5e+10,5.265e+10,"Paraguay"
45,3,1,2,NA,NA,NA,5,1995,2,NA,1,4,-9,-9,2,NA,2,NA,NA,NA,NA,1,1,6,3.5e+09,NA,NA,NA,NA,1,1.6e+08,2,NA,5e+07,17,NA,NA,NA,NA,NA,0,NA,100,7e+08,NA,-9,NA,NA,"Paraguay"
52,2,2,2,NA,NA,NA,2,1986,2,NA,2,NA,NA,NA,1,-9,1,1,NA,NA,NA,1,1,2,1e+10,NA,NA,NA,NA,1,-9,NA,NA,-9,50,NA,NA,NA,NA,NA,0,NA,90,7e+08,NA,9.7e+07,NA,NA,"Paraguay"
52,2,3,2,NA,NA,NA,1,2013,2,NA,1,2,0,1,1,1,1,-9,NA,NA,NA,1,1,2,8.3382e+10,NA,NA,NA,NA,1,3e+09,1,50,6e+09,202,NA,NA,NA,NA,NA,0,NA,100,2.9e+10,NA,4e+08,NA,NA,"Paraguay"
51,3,2,2,NA,NA,NA,5,2009,2,NA,1,1,0,1,2,NA,2,NA,NA,NA,NA,1,1,3,6e+09,NA,NA,NA,NA,1,8e+07,1,20,0,20,NA,NA,NA,NA,NA,0,NA,100,-9,NA,6e+06,NA,NA,"Paraguay"
50,3,1,1,2,2,NA,2,2012,2,NA,1,0,NA,NA,2,NA,2,NA,NA,NA,NA,1,2,3,1e+09,NA,NA,NA,NA,1,2e+08,1,70,3.5e+07,8,NA,NA,NA,NA,NA,0,NA,80,2.5e+08,NA,3600000,NA,NA,"Paraguay"
51,3,3,2,NA,NA,NA,5,1989,2,NA,1,0,NA,NA,1,-9,2,NA,NA,NA,NA,1,1,3,1.11e+11,NA,NA,NA,NA,1,277500000,1,-9,0,152,NA,NA,NA,NA,NA,4,1,95,1.11e+10,NA,194250000,NA,NA,"Paraguay"
45,3,2,2,NA,NA,NA,2,1968,2,NA,1,-9,NA,NA,2,NA,2,NA,NA,NA,NA,1,1,4,3.885e+13,NA,NA,NA,NA,1,1.11e+12,2,NA,0,68,NA,NA,NA,NA,NA,28,12,-9,2.109e+09,NA,27750000,NA,NA,"Paraguay"
52,2,1,2,NA,NA,NA,3,1992,2,NA,1,2,0,1,2,NA,2,NA,NA,NA,NA,2,2,2,3e+08,NA,NA,NA,NA,2,NA,NA,NA,NA,5,NA,NA,NA,NA,NA,0,NA,100,3e+07,NA,2400000,NA,NA,"Paraguay"
51,3,3,2,NA,NA,NA,2,1994,2,NA,1,3,6,0,1,70,2,NA,NA,NA,NA,1,1,3,1.3e+11,NA,NA,NA,NA,1,5.55e+09,1,10,0,300,NA,NA,NA,NA,NA,0,NA,83,1.56e+10,NA,2.3e+08,NA,NA,"Paraguay"
51,3,2,2,NA,NA,NA,2,1997,2,NA,2,NA,NA,NA,2,NA,2,NA,NA,NA,NA,1,1,3,2.835e+10,NA,NA,NA,NA,2,NA,NA,NA,NA,77,NA,NA,NA,NA,NA,0,NA,90,3.367e+09,NA,7e+07,NA,NA,"Paraguay"
60,3,1,2,NA,NA,NA,5,1985,2,NA,1,0,NA,NA,2,NA,2,NA,NA,NA,NA,1,1,6,2.2e+10,NA,NA,NA,NA,2,NA,NA,NA,NA,12,NA,NA,NA,NA,NA,0,NA,100,9.36e+08,NA,1.6e+07,NA,NA,"Paraguay"
51,3,3,1,3,1,1,2,2000,2,NA,1,-9,NA,NA,1,-9,2,NA,NA,NA,NA,1,1,3,-9,NA,NA,NA,NA,1,-9,NA,NA,0,127,NA,NA,NA,NA,NA,20,3,98,-9,NA,-9,NA,NA,"Paraguay"
52,2,2,2,NA,NA,NA,2,1950,1,5,1,5,2,0,2,NA,2,NA,NA,NA,NA,1,1,2,7e+09,NA,NA,NA,NA,2,NA,NA,NA,NA,23,NA,NA,NA,NA,NA,0,NA,100,1.2e+09,NA,7200000,NA,NA,"Paraguay"
24,1,3,2,NA,NA,NA,5,1984,1,30,1,0,NA,NA,1,1,2,NA,2,NA,NA,1,1,1,6.6e+10,0,0,20,45,1,5.5e+09,1,60,1.1e+08,350,123,227,10,5,108,0,NA,80,9e+09,2.2e+10,1.8e+08,3.885e+10,2.77e+11,"Paraguay"
51,3,2,2,NA,NA,NA,2,1997,2,NA,1,1,0,50,2,NA,2,NA,NA,NA,NA,2,1,3,1.134e+10,NA,NA,NA,NA,2,NA,NA,NA,NA,20,NA,NA,NA,NA,NA,5,6,100,2.268e+09,NA,11340000,NA,NA,"Paraguay"
52,2,1,2,NA,NA,NA,2,2012,2,NA,1,1,0,1,2,NA,2,NA,NA,NA,NA,1,1,2,3e+09,NA,NA,NA,NA,1,1.2e+08,2,NA,0,9,NA,NA,NA,NA,NA,0,NA,100,5.5e+08,NA,2.5e+07,NA,NA,"Paraguay"
72,3,3,2,NA,NA,NA,2,1999,1,90,1,0,NA,NA,2,NA,2,NA,NA,NA,NA,1,1,6,8e+09,NA,NA,NA,NA,1,5e+08,1,20,1e+08,400,NA,NA,NA,NA,NA,20,1,90,5e+09,NA,2e+08,NA,NA,"Paraguay"
45,3,2,2,NA,NA,NA,5,1994,2,NA,1,1,0,45,2,NA,2,NA,NA,NA,NA,1,2,4,1.7e+10,NA,NA,NA,NA,1,3e+08,2,NA,0,80,NA,NA,NA,NA,NA,5,1,50,-9,NA,3.5e+08,NA,NA,"Paraguay"
15,1,1,2,NA,NA,NA,2,2013,2,NA,1,0,NA,NA,2,NA,2,NA,2,NA,NA,1,2,1,9.6e+08,NA,NA,50,48,2,NA,NA,NA,NA,8,5,3,0,0,5,0,NA,100,9.6e+07,-9,3e+07,-9,1e+09,"Paraguay"
52,2,1,2,NA,NA,NA,3,2002,2,NA,1,1,0,0,2,NA,2,NA,NA,NA,NA,2,2,2,1.4e+09,NA,NA,NA,NA,2,NA,NA,NA,NA,5,NA,NA,NA,NA,NA,0,NA,80,6e+07,NA,2e+06,NA,NA,"Paraguay"
50,3,1,2,NA,NA,NA,2,2009,2,NA,1,0,NA,NA,2,NA,2,NA,NA,NA,NA,1,1,6,1e+09,NA,NA,NA,NA,2,NA,NA,NA,NA,5,NA,NA,NA,NA,NA,0,NA,-9,1.5e+08,NA,6e+06,NA,NA,"Paraguay"
45,3,1,2,NA,NA,NA,5,2004,2,NA,1,-9,NA,NA,2,NA,2,NA,NA,NA,NA,1,2,6,5e+09,NA,NA,NA,NA,1,1.8e+08,2,NA,4e+07,7,NA,NA,NA,NA,NA,25,8,100,681525000,NA,6300000,NA,NA,"Paraguay"
50,3,2,2,NA,NA,NA,2,1999,1,4,1,1,0,30,1,15,2,NA,NA,NA,NA,1,1,6,1.2e+10,NA,NA,NA,NA,1,1.9e+09,1,20,2e+10,50,NA,NA,NA,NA,NA,0,NA,-9,-9,NA,-9,NA,NA,"Paraguay"
51,3,2,2,NA,NA,NA,2,1992,2,NA,2,NA,NA,NA,2,NA,2,NA,NA,NA,NA,1,1,3,12636102000,NA,NA,NA,NA,2,NA,NA,NA,NA,40,NA,NA,NA,NA,NA,0,NA,100,1022883640,NA,-9,NA,NA,"Paraguay"
15,1,3,1,4,1,1,2,1987,2,NA,1,0,NA,NA,1,3,2,NA,2,NA,NA,1,1,1,2.184e+12,1,1,72,45,1,2.8e+09,1,40,3.36e+10,1600,900,-9,0,40,860,15,3,90,1.68e+10,-9,-9,2.184e+12,2.856e+11,"Paraguay"
60,3,2,2,NA,NA,NA,5,1993,2,NA,1,1,0,30,1,5,2,NA,NA,NA,NA,1,1,6,5.697e+10,NA,NA,NA,NA,2,NA,NA,NA,NA,45,NA,NA,NA,NA,NA,0,NA,90,1.23e+09,NA,1.7e+07,NA,NA,"Paraguay"
21,1,3,2,NA,NA,NA,2,1997,2,NA,1,5,0,30,1,-9,2,NA,2,NA,NA,1,1,1,9.99e+10,NA,NA,15,125,1,8.325e+09,1,100,0,180,125,-9,-9,-9,-9,45,-9,100,5.55e+09,4.995e+10,-9,-9,-9,"Paraguay"
51,3,2,2,NA,NA,NA,5,1995,2,NA,1,1,0,1,2,NA,2,NA,NA,NA,NA,1,1,3,3.402e+10,NA,NA,NA,NA,2,NA,NA,NA,NA,40,NA,NA,NA,NA,NA,10,2,70,3e+09,NA,-9,NA,NA,"Paraguay"
52,2,1,2,NA,NA,NA,3,1986,2,NA,1,2,1,0,2,NA,2,NA,NA,NA,NA,1,1,2,6203520000,NA,NA,NA,NA,1,3.3e+07,1,100,0,17,NA,NA,NA,NA,NA,0,NA,100,448800000,NA,2.4e+07,NA,NA,"Paraguay"
50,3,2,2,NA,NA,NA,5,1998,2,NA,1,4,3,0,1,2,2,NA,NA,NA,NA,1,1,6,8e+09,NA,NA,NA,NA,1,1e+08,1,4,0,31,NA,NA,NA,NA,NA,2,3,100,1.116e+09,NA,6e+06,NA,NA,"Paraguay"
52,2,2,2,NA,NA,NA,5,1997,2,NA,1,5,1,0,2,NA,2,NA,NA,NA,NA,1,1,2,5e+08,NA,NA,NA,NA,2,NA,NA,NA,NA,25,NA,NA,NA,NA,NA,0,NA,-9,1.5e+08,NA,4e+06,NA,NA,"Paraguay"
22,1,3,1,20,1,2,2,1976,2,NA,2,NA,NA,NA,1,2,2,NA,2,NA,NA,1,1,1,2.5e+10,-7,-7,50,48,1,5e+08,2,NA,0,150,45,105,0,0,45,0,NA,100,9e+09,5.5e+09,5e+08,1.7e+10,4e+10,"Paraguay"
52,2,2,2,NA,NA,NA,6,1958,2,NA,1,-9,NA,NA,1,5,2,NA,NA,NA,NA,1,1,2,-9,NA,NA,NA,NA,1,-9,NA,NA,-9,70,NA,NA,NA,NA,NA,0,NA,95,-9,NA,-9,NA,NA,"Paraguay"
15,1,2,2,NA,NA,NA,2,1998,2,NA,2,NA,NA,NA,2,NA,2,NA,2,NA,NA,1,1,1,6.5e+09,NA,NA,90,16,2,NA,NA,NA,NA,60,50,10,-9,-9,-9,0,NA,90,1e+09,9.75e+08,1.95e+09,6e+09,334990425600,"Paraguay"
51,3,3,2,NA,NA,NA,1,1945,2,NA,1,1,0,0,1,5,2,NA,NA,NA,NA,2,1,3,5.8e+11,NA,NA,NA,NA,2,NA,NA,NA,NA,360,NA,NA,NA,NA,NA,100,1,100,1.45e+11,NA,4850000,NA,NA,"Paraguay"
51,3,1,2,NA,NA,NA,5,2002,2,NA,1,5,0,20,2,NA,2,NA,NA,NA,NA,1,1,3,3.5e+08,NA,NA,NA,NA,1,0,NA,NA,1.5e+07,5,NA,NA,NA,NA,NA,4,12,-9,1.44e+08,NA,6e+06,NA,NA,"Paraguay"
60,3,3,1,22,1,2,2,1997,2,NA,1,0,NA,NA,1,-9,2,NA,NA,NA,NA,1,1,6,1.016e+12,NA,NA,NA,NA,1,-9,NA,NA,0,403,NA,NA,NA,NA,NA,0,NA,100,6.5e+10,NA,8e+08,NA,NA,"Paraguay"
52,2,3,1,5,1,2,2,1946,2,NA,1,4,6,0,1,20,2,NA,NA,NA,NA,1,1,2,3.402e+10,NA,NA,NA,NA,2,NA,NA,NA,NA,500,NA,NA,NA,NA,NA,30,1,100,2.268e+10,NA,1.134e+09,NA,NA,"Paraguay"
52,2,1,2,NA,NA,NA,5,2000,2,NA,1,0,NA,NA,2,NA,2,NA,NA,NA,NA,1,1,2,2.8e+09,NA,NA,NA,NA,1,2e+09,1,80,0,17,NA,NA,NA,NA,NA,0,NA,100,5e+08,NA,9600000,NA,NA,"Paraguay"
25,1,2,2,NA,NA,NA,5,1999,2,NA,1,0,NA,NA,2,NA,2,NA,2,NA,NA,1,1,1,1.1e+10,0,0,85,24,1,5.5e+07,2,NA,0,48,45,3,2,2,41,0,NA,100,1.76e+09,4.4e+09,214500000,7.7e+09,4.4e+09,"Paraguay"
51,3,2,2,NA,NA,NA,2,1989,2,NA,1,2,5,0,2,NA,2,NA,NA,NA,NA,1,1,3,3.3e+10,NA,NA,NA,NA,1,5e+07,2,NA,-9,65,NA,NA,NA,NA,NA,0,NA,80,6e+09,NA,4e+07,NA,NA,"Paraguay"
52,2,2,2,NA,NA,NA,2,1981,2,NA,1,2,1,0,2,NA,2,NA,NA,NA,NA,1,1,2,5.67e+09,NA,NA,NA,NA,1,2e+07,2,NA,-9,40,NA,NA,NA,NA,NA,0,NA,60,1.701e+09,NA,11340000,NA,NA,"Paraguay"
51,3,3,2,NA,NA,NA,2,1991,2,NA,1,0,NA,NA,1,5,2,NA,NA,NA,NA,1,1,3,1.96e+11,NA,NA,NA,NA,1,4.35e+08,1,100,-9,236,NA,NA,NA,NA,NA,0,NA,6,1.2721e+10,NA,1.39e+08,NA,NA,"Paraguay"
52,2,3,1,3,1,2,2,1963,2,NA,1,8,0,1,1,-9,2,NA,NA,NA,NA,1,1,2,6.9e+10,NA,NA,NA,NA,1,1.5e+08,2,NA,2.2e+09,289,NA,NA,NA,NA,NA,25,4,70,-9,NA,-9,NA,NA,"Paraguay"
15,1,2,1,3,1,1,2,2011,2,NA,1,5,23,0,1,20,2,NA,2,NA,NA,1,1,1,5.55e+10,NA,NA,-9,120,1,1.665e+10,1,100,0,94,50,44,20,30,0,0,NA,100,4.44e+09,3.33e+10,3.33e+08,3.985e+10,-9,"Paraguay"
52,2,2,2,NA,NA,NA,2,1943,2,NA,2,NA,NA,NA,2,NA,2,NA,NA,NA,NA,1,1,2,1.1e+10,NA,NA,NA,NA,2,NA,NA,NA,NA,30,NA,NA,NA,NA,NA,0,NA,100,3e+09,NA,6e+08,NA,NA,"Paraguay"
50,3,3,2,NA,NA,NA,2,1969,2,NA,1,0,NA,NA,1,1,2,NA,NA,NA,NA,1,1,6,-9,NA,NA,NA,NA,1,1.665e+11,1,100,0,145,NA,NA,NA,NA,NA,3,3,80,4717500000,NA,3.33e+08,NA,NA,"Paraguay"
25,1,1,2,NA,NA,NA,2,2013,1,5,1,2,1,0,1,14,1,-9,2,NA,NA,1,2,1,7e+09,0,0,100,168,2,NA,NA,NA,NA,12,6,6,3,3,0,0,NA,100,1e+09,3e+09,2e+07,-9,-9,"Paraguay"
51,3,3,1,200,2,NA,4,2006,1,10,1,0,NA,NA,1,3,1,90,NA,NA,NA,1,1,3,2.75e+12,NA,NA,NA,NA,1,2e+11,1,90,1.8e+11,264,NA,NA,NA,NA,NA,60,11,99,3.5e+10,NA,3e+08,NA,NA,"Paraguay"
51,3,3,1,12,1,2,2,1977,2,NA,1,-9,NA,NA,1,100,2,NA,NA,NA,NA,1,1,3,1.82e+11,NA,NA,NA,NA,1,2e+09,1,90,0,271,NA,NA,NA,NA,NA,0,NA,100,2.18e+10,NA,7e+08,NA,NA,"Paraguay"
15,1,2,2,NA,NA,NA,2,2000,2,NA,2,NA,NA,NA,2,NA,2,NA,2,NA,NA,1,1,1,1.2e+09,NA,NA,70,48,2,NA,NA,NA,NA,20,15,5,5,7,3,0,NA,70,5.8e+08,-9,6e+07,-9,-9,"Paraguay"
28,1,3,2,NA,NA,NA,1,2001,2,NA,1,0,NA,NA,1,0,2,NA,2,NA,NA,1,1,1,6.1e+10,0,0,55,144,1,8.7e+08,1,20,6e+09,151,97,54,7,80,10,4,3,56,6.5e+09,4.1e+09,7.5e+08,4.7e+10,-9,"Paraguay"
24,1,1,2,NA,NA,NA,5,1993,2,NA,2,NA,NA,NA,2,NA,2,NA,2,NA,NA,1,1,1,2.22e+09,NA,NA,100,50,2,NA,NA,NA,NA,5,4,1,1,1,2,0,NA,50,3.36e+08,-9,2.5e+07,-9,5.55e+09,"Paraguay"
15,1,3,2,NA,NA,NA,1,1994,2,NA,1,1,0,1,1,10,2,NA,2,NA,NA,1,1,1,3.13545e+11,NA,NA,50,168,1,7.8e+09,1,70,5.8e+09,970,540,430,50,65,425,-9,NA,95,1.55e+10,-9,-9,-9,-9,"Paraguay"
22,1,3,1,13,2,NA,2,1997,1,3,1,7,1,0,2,NA,2,NA,1,2,5,1,1,1,29319419000,NA,NA,70,71,1,8.2e+08,1,15,8e+07,100,63,37,12,40,11,2,3,100,6645463000,8578321660,115548000,2.05e+10,-9,"Paraguay"
15,1,3,2,NA,NA,NA,2,1994,2,NA,2,NA,NA,NA,1,70,2,NA,2,NA,NA,1,1,1,8e+10,NA,NA,40,24,2,NA,NA,NA,NA,250,200,50,150,50,0,0,NA,90,9.6e+09,1.5e+10,-9,-9,-9,"Paraguay"
60,3,1,2,NA,NA,NA,2,1981,2,NA,1,2,1,0,2,NA,2,NA,NA,NA,NA,1,2,6,6e+08,NA,NA,NA,NA,2,NA,NA,NA,NA,12,NA,NA,NA,NA,NA,4,2,100,3.15e+08,NA,6e+07,NA,NA,"Paraguay"
51,3,1,2,NA,NA,NA,3,2004,2,NA,2,NA,NA,NA,2,NA,2,NA,NA,NA,NA,2,2,3,9.6e+08,NA,NA,NA,NA,1,4e+07,1,100,0,9,NA,NA,NA,NA,NA,0,NA,-9,212760000,NA,1.8e+08,NA,NA,"Paraguay"
52,2,1,2,NA,NA,NA,5,1994,2,NA,2,NA,NA,NA,2,NA,2,NA,NA,NA,NA,2,1,2,1.8e+09,NA,NA,NA,NA,2,NA,NA,NA,NA,5,NA,NA,NA,NA,NA,0,NA,100,5e+08,NA,2.4e+07,NA,NA,"Paraguay"
52,2,2,2,NA,NA,NA,2,1945,2,NA,2,NA,NA,NA,2,NA,2,NA,NA,NA,NA,1,1,2,2.1e+10,NA,NA,NA,NA,2,NA,NA,NA,NA,40,NA,NA,NA,NA,NA,0,NA,80,5.4e+09,NA,8e+07,NA,NA,"Paraguay"
51,3,1,2,NA,NA,NA,2,2002,2,NA,1,-9,NA,NA,2,NA,2,NA,NA,NA,NA,2,1,3,-9,NA,NA,NA,NA,2,NA,NA,NA,NA,6,NA,NA,NA,NA,NA,0,NA,-9,-9,NA,-9,NA,NA,"Paraguay"
50,3,3,1,5,1,1,1,1964,2,NA,1,6,0,30,1,1,2,NA,NA,NA,NA,1,1,6,2.76e+11,NA,NA,NA,NA,2,NA,NA,NA,NA,583,NA,NA,NA,NA,NA,0,NA,90,2.7e+10,NA,5.11e+08,NA,NA,"Paraguay"
50,3,2,2,NA,NA,NA,2,1991,2,NA,1,4,0,33,2,NA,2,NA,NA,NA,NA,1,1,6,8e+09,NA,NA,NA,NA,1,1.2e+11,2,NA,0,35,NA,NA,NA,NA,NA,0,NA,80,3.2e+09,NA,1e+07,NA,NA,"Paraguay"
22,1,1,2,NA,NA,NA,3,2009,2,NA,1,2,3,0,2,NA,2,NA,2,NA,NA,1,1,1,5.5e+08,NA,NA,70,50,2,NA,NA,NA,NA,6,3,3,3,0,0,10,2,80,1.8e+08,2e+08,8400000,5.2e+08,1e+09,"Paraguay"
52,2,2,2,NA,NA,NA,2,2006,2,NA,1,-9,NA,NA,1,1,2,NA,NA,NA,NA,1,1,2,6e+09,NA,NA,NA,NA,1,396900000,1,1,0,22,NA,NA,NA,NA,NA,0,NA,100,-9,NA,-9,NA,NA,"Paraguay"
50,3,1,2,NA,NA,NA,3,2010,1,5,1,1,0,30,2,NA,2,NA,NA,NA,NA,1,1,6,3e+08,NA,NA,NA,NA,1,3.8e+07,1,20,0,7,NA,NA,NA,NA,NA,0,NA,90,1.65e+08,NA,1e+07,NA,NA,"Paraguay"
52,2,3,2,NA,NA,NA,1,1974,2,NA,1,-9,NA,NA,1,5,2,NA,NA,NA,NA,1,1,2,1.2e+11,NA,NA,NA,NA,1,2.5e+10,1,80,1e+08,200,NA,NA,NA,NA,NA,20,3,100,1.08e+10,NA,1e+09,NA,NA,"Paraguay"
52,2,1,2,NA,NA,NA,3,2003,2,NA,1,0,NA,NA,2,NA,2,NA,NA,NA,NA,2,2,2,7.3e+07,NA,NA,NA,NA,1,1.5e+07,2,NA,0,8,NA,NA,NA,NA,NA,0,NA,98,1.6e+07,NA,4e+06,NA,NA,"Paraguay"
60,3,1,2,NA,NA,NA,2,1996,2,NA,2,NA,NA,NA,2,NA,2,NA,NA,NA,NA,2,2,6,7e+08,NA,NA,NA,NA,2,NA,NA,NA,NA,8,NA,NA,NA,NA,NA,0,NA,50,3.5e+08,NA,6e+06,NA,NA,"Paraguay"
25,1,3,2,NA,NA,NA,5,1985,1,5,1,1,0,50,1,20,2,NA,2,NA,NA,1,2,1,2.75e+10,NA,NA,70,24,2,NA,NA,NA,NA,150,110,-9,-9,-9,-9,-9,NA,-9,7.5e+09,-9,6e+08,1.6e+10,-9,"Paraguay"
15,1,3,2,NA,NA,NA,2,1975,2,NA,1,0,NA,NA,1,20,2,NA,2,NA,NA,1,1,1,3.6375e+10,0,0,50,48,1,8.9e+08,1,40,1.103e+09,123,110,13,5,0,105,0,NA,100,1.8956e+10,4.62e+08,3.6e+08,2.36e+10,8275145000,"Paraguay"
51,3,1,2,NA,NA,NA,5,1999,2,NA,1,1,0,30,2,NA,2,NA,NA,NA,NA,1,1,3,1.8e+09,NA,NA,NA,NA,1,4e+08,2,NA,0,9,NA,NA,NA,NA,NA,2,1,80,8e+08,NA,5e+06,NA,NA,"Paraguay"
22,1,2,2,NA,NA,NA,5,2005,1,5,2,NA,NA,NA,2,NA,2,NA,2,NA,NA,1,2,1,6e+09,NA,NA,40,48,1,5e+08,1,90,0,40,32,8,31,1,0,4,3,60,1.5e+09,3e+09,1.8e+08,6e+09,-9,"Paraguay"
28,1,2,2,NA,NA,NA,2,2006,2,NA,1,2,1,0,2,NA,2,NA,2,NA,NA,1,1,1,1e+10,NA,NA,80,148,2,NA,NA,NA,NA,60,35,25,25,10,0,0,NA,70,1.5e+09,2.3e+09,2.2e+07,-9,-9,"Paraguay"
52,2,1,2,NA,NA,NA,5,1995,2,NA,2,NA,NA,NA,2,NA,2,NA,NA,NA,NA,1,1,2,2754971130,NA,NA,NA,NA,2,NA,NA,NA,NA,11,NA,NA,NA,NA,NA,0,NA,100,3.5e+08,NA,4800000,NA,NA,"Paraguay"
60,3,3,1,23,2,NA,2,1995,1,4,1,5,0,1,1,-9,2,NA,NA,NA,NA,1,1,6,3.33e+10,NA,NA,NA,NA,1,8.325e+09,1,-9,-9,175,NA,NA,NA,NA,NA,0,NA,100,1.3e+10,NA,2.7e+09,NA,NA,"Paraguay"
52,2,2,2,NA,NA,NA,2,2005,2,NA,1,2,4,0,1,-9,2,NA,NA,NA,NA,1,1,2,1.449e+10,NA,NA,NA,NA,1,0,NA,NA,2e+08,32,NA,NA,NA,NA,NA,0,NA,99,7.5e+08,NA,1.5e+07,NA,NA,"Paraguay"
36,1,2,2,NA,NA,NA,5,1970,2,NA,2,NA,NA,NA,2,NA,2,NA,2,NA,NA,1,1,1,3.2e+09,NA,NA,80,48,1,-9,NA,NA,-9,20,15,5,5,8,2,0,NA,-9,2.85e+09,8e+08,-9,2.9e+09,-9,"Paraguay"
45,3,2,2,NA,NA,NA,2,1995,2,NA,2,NA,NA,NA,1,90,2,NA,NA,NA,NA,1,1,6,1.5e+10,NA,NA,NA,NA,1,-9,NA,NA,-9,50,NA,NA,NA,NA,NA,0,NA,100,9.4e+09,NA,2.4e+07,NA,NA,"Paraguay"
52,2,1,2,NA,NA,NA,3,2008,2,NA,1,2,1,0,2,NA,2,NA,NA,NA,NA,2,2,2,2.4e+08,NA,NA,NA,NA,2,NA,NA,NA,NA,5,NA,NA,NA,NA,NA,0,NA,-9,5e+07,NA,6e+06,NA,NA,"Paraguay"
15,1,2,2,NA,NA,NA,3,1982,2,NA,1,0,NA,NA,1,3,2,NA,2,NA,NA,1,1,1,-9,NA,NA,90,48,2,NA,NA,NA,NA,42,22,20,2,0,20,0,NA,70,-9,-9,7e+07,-9,-9,"Paraguay"
15,1,1,2,NA,NA,NA,3,1990,1,15,1,1,0,30,2,NA,2,NA,1,1,1,1,1,1,7.5e+08,NA,NA,25,7,2,NA,NA,NA,NA,7,4,3,2,1,1,0,NA,100,2.16e+08,2.5e+08,2.5e+07,5.5e+08,1e+09,"Paraguay"
52,2,2,2,NA,NA,NA,2,2004,2,NA,1,3,1,0,1,4,2,NA,NA,NA,NA,1,2,2,1.3e+10,NA,NA,NA,NA,1,5e+08,2,NA,0,28,NA,NA,NA,NA,NA,5,3,100,1.564e+09,NA,7.2e+07,NA,NA,"Paraguay"
51,3,3,2,NA,NA,NA,1,2004,2,NA,1,2,1,0,2,NA,2,NA,NA,NA,NA,1,2,3,1.375e+10,NA,NA,NA,NA,1,-9,NA,NA,-9,130,NA,NA,NA,NA,NA,0,NA,100,3.2e+09,NA,3e+08,NA,NA,"Paraguay"
52,2,3,2,NA,NA,NA,5,2004,2,NA,2,NA,NA,NA,2,NA,2,NA,NA,NA,NA,1,2,2,3e+10,NA,NA,NA,NA,2,NA,NA,NA,NA,100,NA,NA,NA,NA,NA,0,NA,95,2.4e+09,NA,3e+08,NA,NA,"Paraguay"
51,3,3,2,NA,NA,NA,1,1976,2,NA,1,1,0,30,2,NA,2,NA,NA,NA,NA,1,1,3,8.6e+10,NA,NA,NA,NA,1,2e+08,1,80,0,285,NA,NA,NA,NA,NA,0,NA,90,1.3e+10,NA,2e+08,NA,NA,"Paraguay"
51,3,2,2,NA,NA,NA,2,1983,2,NA,1,40,1,0,2,NA,2,NA,NA,NA,NA,1,1,3,1.5e+09,NA,NA,NA,NA,1,-9,NA,NA,-9,23,NA,NA,NA,NA,NA,0,NA,100,7e+08,NA,1.5e+07,NA,NA,"Paraguay"
45,3,2,2,NA,NA,NA,5,1996,2,NA,1,1,0,45,2,NA,2,NA,NA,NA,NA,1,1,4,1e+09,NA,NA,NA,NA,2,NA,NA,NA,NA,38,NA,NA,NA,NA,NA,0,NA,40,3.5e+08,NA,1.5e+08,NA,NA,"Paraguay"
36,1,2,2,NA,NA,NA,1,2001,2,NA,1,1,0,45,2,NA,2,NA,2,NA,NA,1,1,1,3.6e+09,NA,NA,50,8,1,5.67e+08,2,NA,0,20,16,4,16,0,0,0,NA,40,5.28e+08,7e+08,4.8e+08,1.8e+09,2.8e+09,"Paraguay"
45,3,3,2,NA,NA,NA,2,2005,1,1,1,1,0,50,2,NA,2,NA,NA,NA,NA,1,1,4,-9,NA,NA,NA,NA,1,5550000,2,NA,4e+08,160,NA,NA,NA,NA,NA,60,6,80,4e+09,NA,1.2e+07,NA,NA,"Paraguay"
72,3,3,2,NA,NA,NA,2,1987,1,15,1,5,0,30,1,5,2,NA,NA,NA,NA,1,1,6,1.4985e+11,NA,NA,NA,NA,1,482850000,1,12,0,150,NA,NA,NA,NA,NA,0,NA,100,2.886e+10,NA,1.134e+09,NA,NA,"Paraguay"
15,1,1,2,NA,NA,NA,2,1989,2,NA,1,1,0,30,2,NA,2,NA,2,NA,NA,1,1,1,1.701e+09,0,0,-9,56,2,NA,NA,NA,NA,12,-9,3,-9,-9,-9,0,NA,60,3e+08,4.55e+08,-9,-9,-9,"Paraguay"
29,1,3,2,NA,NA,NA,5,1984,2,NA,1,0,NA,NA,2,NA,2,NA,2,NA,NA,1,1,1,1.7e+10,NA,NA,25,48,1,2.7e+09,1,100,0,135,95,40,40,40,15,35,3,80,6e+09,5.5e+09,1e+08,1.21e+10,1e+10,"Paraguay"
52,2,2,1,-9,1,1,5,1995,2,NA,1,-9,NA,NA,2,NA,2,NA,NA,NA,NA,1,1,2,-9,NA,NA,NA,NA,1,0,NA,NA,2e+08,70,NA,NA,NA,NA,NA,0,NA,100,-9,NA,-9,NA,NA,"Paraguay"
52,2,1,2,NA,NA,NA,3,2004,1,15,1,1,0,30,2,NA,2,NA,NA,NA,NA,1,1,2,-9,NA,NA,NA,NA,2,NA,NA,NA,NA,8,NA,NA,NA,NA,NA,0,NA,100,-9,NA,-9,NA,NA,"Paraguay"
50,3,1,2,NA,NA,NA,5,1992,2,NA,1,1,0,1,2,NA,2,NA,NA,NA,NA,1,1,6,6e+08,NA,NA,NA,NA,1,2e+07,2,NA,0,12,NA,NA,NA,NA,NA,-9,NA,50,3.5e+08,NA,7e+06,NA,NA,"Paraguay"
60,3,3,2,NA,NA,NA,4,1924,2,NA,1,12,2,0,1,-9,2,NA,NA,NA,NA,1,1,6,2.5e+10,NA,NA,NA,NA,2,NA,NA,NA,NA,235,NA,NA,NA,NA,NA,10,1,-9,6e+09,NA,7.9e+08,NA,NA,"Paraguay"
31,1,3,2,NA,NA,NA,2,2003,2,NA,1,0,NA,NA,2,NA,2,NA,2,NA,NA,1,1,1,4.95e+10,0,0,82,45,1,1.1e+08,1,80,1.1e+08,140,105,35,35,70,0,30,8,75,8e+09,2.2e+10,2.7e+08,3.5625e+10,1.2e+10,"Paraguay"
60,3,3,2,NA,NA,NA,1,1974,1,15,1,1,-9,-9,1,30,2,NA,NA,NA,NA,1,1,6,-9,NA,NA,NA,NA,1,1.6e+10,1,80,-9,300,NA,NA,NA,NA,NA,-9,NA,-9,1e+09,NA,1.8e+09,NA,NA,"Paraguay"
60,3,3,2,NA,NA,NA,2,1996,2,NA,1,1,0,40,1,-9,2,NA,NA,NA,NA,1,1,6,1.701e+10,NA,NA,NA,NA,1,5.67e+08,2,NA,0,200,NA,NA,NA,NA,NA,0,NA,100,1.3608e+10,NA,-9,NA,NA,"Paraguay"
51,3,1,2,NA,NA,NA,2,2015,1,-9,1,4,2,0,2,NA,1,-9,NA,NA,NA,1,1,3,3.6e+09,NA,NA,NA,NA,1,-9,NA,NA,-9,15,NA,NA,NA,NA,NA,-9,NA,-9,2.4e+08,NA,4.8e+07,NA,NA,"Paraguay"
52,2,3,1,5,1,1,2,1988,2,NA,1,-9,NA,NA,1,100,2,NA,NA,NA,NA,1,1,2,-9,NA,NA,NA,NA,-9,NA,NA,NA,NA,400,NA,NA,NA,NA,NA,90,2,-9,-9,NA,-9,NA,NA,"Paraguay"
19,1,2,2,NA,NA,NA,5,1994,2,NA,1,1,0,40,2,NA,2,NA,2,NA,NA,1,2,1,2.2e+09,0,0,-9,44,1,1.1e+07,2,NA,0,20,-9,5,1,1,-9,0,NA,50,-9,-9,4200000,-9,-9,"Paraguay"
51,3,1,2,NA,NA,NA,5,2000,2,NA,1,2,3,0,2,NA,2,NA,NA,NA,NA,1,1,3,3e+08,NA,NA,NA,NA,2,NA,NA,NA,NA,10,NA,NA,NA,NA,NA,0,NA,0,1.32e+08,NA,1.4e+07,NA,NA,"Paraguay"
24,1,2,2,NA,NA,NA,5,2004,2,NA,1,0,NA,NA,2,NA,2,NA,2,NA,NA,1,1,1,2.16e+10,NA,NA,100,48,1,1e+08,1,20,5e+08,56,36,20,7,29,0,0,NA,60,1.976e+09,5.9e+08,1.5e+07,1.6e+10,1e+11,"Paraguay"
15,1,3,2,NA,NA,NA,2,1996,2,NA,1,0,NA,NA,2,NA,2,NA,2,NA,NA,1,1,1,2.8e+10,NA,NA,66,85,1,3e+08,1,100,0,120,35,85,7,25,3,4,1,90,5.6e+09,1.4e+10,1.5e+08,2e+10,-9,"Paraguay"
45,3,2,2,NA,NA,NA,5,1992,2,NA,1,1,0,1,2,NA,2,NA,NA,NA,NA,1,1,4,2e+09,NA,NA,NA,NA,2,NA,NA,NA,NA,25,NA,NA,NA,NA,NA,0,NA,90,1.2e+09,NA,1e+08,NA,NA,"Paraguay"
50,3,2,2,NA,NA,NA,2,1993,2,NA,1,0,NA,NA,1,100,2,NA,NA,NA,NA,1,2,3,2.75e+10,NA,NA,NA,NA,1,2e+08,2,NA,0,24,NA,NA,NA,NA,NA,0,NA,100,2.5e+09,NA,6e+07,NA,NA,"Paraguay"
51,3,1,2,NA,NA,NA,3,2005,2,NA,2,NA,NA,NA,2,NA,2,NA,NA,NA,NA,2,2,3,2.8e+08,NA,NA,NA,NA,1,5e+07,1,60,0,5,NA,NA,NA,NA,NA,0,NA,-9,-9,NA,4e+06,NA,NA,"Paraguay"
15,1,2,2,NA,NA,NA,5,1972,2,NA,1,2,1,0,1,5,2,NA,1,1,1,1,1,1,7.5e+09,NA,NA,-9,56,1,4.5e+07,1,20,0,50,25,25,-9,-9,-9,0,NA,100,-9,-9,32400000,-9,-9,"Paraguay"
28,1,3,2,NA,NA,NA,2,1997,2,NA,2,NA,NA,NA,2,NA,2,NA,2,NA,NA,1,1,1,2e+10,NA,NA,50,48,2,NA,NA,NA,NA,175,100,75,75,0,25,0,NA,50,3.36e+09,-9,1.6e+08,-9,2.835e+11,"Paraguay"
15,1,2,2,NA,NA,NA,5,1989,2,NA,1,1,0,50,1,10,2,NA,2,NA,NA,1,1,1,8.4e+09,NA,NA,80,98,1,9.639e+10,2,NA,0,70,37,33,9,15,13,0,NA,40,1.8e+09,1.6e+09,5e+08,3.96e+09,2.5e+09,"Paraguay"
15,1,3,2,NA,NA,NA,3,1999,1,15,1,4,7,0,2,NA,2,NA,2,NA,NA,1,1,1,5.67e+10,NA,NA,100,48,1,2.3e+08,1,-9,2.3e+08,200,66,134,4,4,58,8,2,-9,7654500000,1.8711e+10,90720000,2.7979e+10,-9,"Paraguay"
15,1,3,2,NA,NA,NA,1,1959,2,NA,2,NA,NA,NA,2,NA,2,NA,2,NA,NA,1,1,1,3.5e+10,NA,NA,80,144,2,NA,NA,NA,NA,165,100,65,-9,-9,-9,0,NA,-9,6e+09,1.9e+10,2e+07,-9,-9,"Paraguay"
52,2,1,2,NA,NA,NA,5,2005,2,NA,1,2,3,0,2,NA,1,5,NA,NA,NA,2,2,2,3554611698,NA,NA,NA,NA,2,NA,NA,NA,NA,5,NA,NA,NA,NA,NA,0,NA,80,639830105,NA,4200000,NA,NA,"Paraguay"
51,3,1,2,NA,NA,NA,3,1990,2,NA,2,NA,NA,NA,2,NA,2,NA,NA,NA,NA,2,2,3,4e+08,NA,NA,NA,NA,2,NA,NA,NA,NA,7,NA,NA,NA,NA,NA,5,2,-9,1e+08,NA,7e+06,NA,NA,"Paraguay"
50,3,2,2,NA,NA,NA,2,1997,1,1,1,20,3,0,2,NA,2,NA,NA,NA,NA,1,1,6,1.728e+10,NA,NA,NA,NA,2,NA,NA,NA,NA,20,NA,NA,NA,NA,NA,0,NA,-9,1.152e+09,NA,1.2e+07,NA,NA,"Paraguay"
52,2,1,2,NA,NA,NA,3,2012,2,NA,2,NA,NA,NA,2,NA,2,NA,NA,NA,NA,2,2,2,6e+07,NA,NA,NA,NA,2,NA,NA,NA,NA,5,NA,NA,NA,NA,NA,0,NA,96,3.9e+07,NA,8e+06,NA,NA,"Paraguay"
52,2,1,2,NA,NA,NA,3,1994,2,NA,1,5,1,0,2,NA,2,NA,NA,NA,NA,1,2,2,1e+09,NA,NA,NA,NA,2,NA,NA,NA,NA,5,NA,NA,NA,NA,NA,0,NA,100,1e+08,NA,7e+06,NA,NA,"Paraguay"
52,2,2,2,NA,NA,NA,5,1996,2,NA,1,2,1,0,2,NA,2,NA,NA,NA,NA,1,1,2,-9,NA,NA,NA,NA,2,NA,NA,NA,NA,50,NA,NA,NA,NA,NA,0,NA,100,-9,NA,-9,NA,NA,"Paraguay"
52,2,2,1,3,1,1,1,1985,2,NA,1,-9,NA,NA,2,NA,2,NA,NA,NA,NA,1,1,2,1.11e+10,NA,NA,NA,NA,2,NA,NA,NA,NA,80,NA,NA,NA,NA,NA,0,NA,80,2.22e+09,NA,5.55e+08,NA,NA,"Paraguay"
15,1,2,2,NA,NA,NA,5,1966,2,NA,1,1,0,40,2,NA,2,NA,2,NA,NA,1,1,1,6e+09,NA,NA,7,48,1,170100000,2,NA,0,60,15,45,1,2,12,0,NA,80,-9,3.5e+09,-9,4e+09,-9,"Paraguay"
34,1,2,1,3,1,1,2,1991,2,NA,1,0,NA,NA,1,4,2,NA,2,NA,NA,1,1,1,-9,NA,NA,40,48,1,-9,NA,NA,-9,70,50,20,10,3,37,0,NA,90,-9,-9,-9,-9,-9,"Paraguay"
51,3,2,1,5,1,2,2,1999,2,NA,1,3,1,0,2,NA,-9,NA,NA,NA,NA,1,1,3,6e+10,NA,NA,NA,NA,1,-9,NA,NA,-9,90,NA,NA,NA,NA,NA,5,2,100,3.3e+09,NA,4e+07,NA,NA,"Paraguay"
55,3,3,2,NA,NA,NA,2,1993,1,6,1,3,1,15,1,70,1,1,NA,NA,NA,1,1,5,7.5e+10,NA,NA,NA,NA,1,6.66e+09,1,60,0,620,NA,NA,NA,NA,NA,0,NA,99,2.325e+10,NA,3e+08,NA,NA,"Paraguay"
50,3,3,2,NA,NA,NA,5,1973,-9,NA,1,5,2,0,1,-9,2,NA,NA,NA,NA,1,1,6,2.775e+11,NA,NA,NA,NA,2,NA,NA,NA,NA,274,NA,NA,NA,NA,NA,10,2,80,1.11e+10,NA,-9,NA,NA,"Paraguay"
60,3,3,2,NA,NA,NA,1,1995,2,NA,1,0,NA,NA,1,30,2,NA,NA,NA,NA,1,1,6,5.9e+10,NA,NA,NA,NA,1,6.6e+08,1,100,6.6e+08,246,NA,NA,NA,NA,NA,0,NA,100,38000240000,NA,6e+07,NA,NA,"Paraguay"
50,3,1,2,NA,NA,NA,3,2005,2,NA,1,1,0,50,2,NA,2,NA,NA,NA,NA,1,2,6,9e+08,NA,NA,NA,NA,1,1.5e+07,1,50,0,7,NA,NA,NA,NA,NA,5,3,100,5.85e+08,NA,4.2e+07,NA,NA,"Paraguay"
50,3,1,2,NA,NA,NA,5,1996,2,NA,1,15,0,20,2,NA,2,NA,NA,NA,NA,1,1,6,1.3e+09,NA,NA,NA,NA,2,NA,NA,NA,NA,13,NA,NA,NA,NA,NA,4,1,5,5e+08,NA,4e+07,NA,NA,"Paraguay"
51,3,2,1,2,1,1,2,1978,2,NA,1,8,0,1,1,-9,2,NA,NA,NA,NA,1,1,3,-9,NA,NA,NA,NA,1,-9,NA,NA,-9,60,NA,NA,NA,NA,NA,-9,NA,90,-9,NA,-9,NA,NA,"Paraguay"
52,2,3,2,NA,NA,NA,1,1961,2,NA,1,2,15,0,1,2,1,1,NA,NA,NA,1,1,2,3.55e+10,NA,NA,NA,NA,2,NA,NA,NA,NA,300,NA,NA,NA,NA,NA,-9,NA,100,6e+09,NA,3e+06,NA,NA,"Paraguay"
50,3,2,1,5,1,1,2,1932,2,NA,1,0,NA,NA,1,1,2,NA,NA,NA,NA,1,1,6,6e+09,NA,NA,NA,NA,1,3e+08,1,100,1.5e+09,30,NA,NA,NA,NA,NA,20,5,80,-9,NA,-9,NA,NA,"Paraguay"
52,2,3,1,19,1,2,2,1995,2,NA,1,2,-9,-9,1,-9,2,NA,NA,NA,NA,1,1,2,2.22e+11,NA,NA,NA,NA,1,5.55e+09,1,30,2.775e+09,350,NA,NA,NA,NA,NA,650,9,100,3.33e+10,NA,8.88e+09,NA,NA,"Paraguay"
15,1,1,2,NA,NA,NA,3,2006,2,NA,2,NA,NA,NA,2,NA,2,NA,2,NA,NA,1,2,1,1.2e+09,NA,NA,60,96,1,3e+07,1,40,0,14,8,6,-9,-9,-9,0,NA,80,3e+08,4.7e+08,3.6e+07,1.2e+09,-9,"Paraguay"
52,2,1,1,-9,2,NA,2,2005,2,NA,1,1,0,0,2,NA,2,NA,NA,NA,NA,2,1,2,3.5e+08,NA,NA,NA,NA,1,-9,NA,NA,-9,5,NA,NA,NA,NA,NA,1,6,100,1.2e+08,NA,1.3e+07,NA,NA,"Paraguay"
60,3,1,2,NA,NA,NA,3,1957,2,NA,1,1,-9,-9,1,-9,2,NA,NA,NA,NA,1,1,6,8.23e+09,NA,NA,NA,NA,2,NA,NA,NA,NA,10,NA,NA,NA,NA,NA,0,NA,100,8e+08,NA,3240000,NA,NA,"Paraguay"
50,3,1,2,NA,NA,NA,5,1992,2,NA,1,-9,NA,NA,2,NA,2,NA,NA,NA,NA,1,1,6,2.8e+09,NA,NA,NA,NA,1,-9,NA,NA,0,5,NA,NA,NA,NA,NA,0,NA,75,4e+08,NA,4e+06,NA,NA,"Paraguay"
26,1,1,2,NA,NA,NA,3,1989,1,-9,1,5,1,0,2,NA,2,NA,2,NA,NA,2,2,1,2.5e+08,NA,NA,80,48,2,NA,NA,NA,NA,5,4,1,4,0,0,0,NA,-9,9e+07,1e+08,8e+06,-9,-9,"Paraguay"
50,3,2,2,NA,NA,NA,5,1994,2,NA,1,2,3,0,2,NA,2,NA,NA,NA,NA,1,1,2,3.0525e+10,NA,NA,NA,NA,2,NA,NA,NA,NA,55,NA,NA,NA,NA,NA,0,NA,100,2.22e+09,NA,7.2e+07,NA,NA,"Paraguay"
29,1,1,2,NA,NA,NA,5,1987,2,NA,1,5,3,0,2,NA,2,NA,2,NA,NA,1,1,1,8e+08,NA,NA,100,44,1,1e+08,2,NA,0,5,3,2,3,0,0,0,NA,100,1e+08,4.5e+08,6e+06,6e+08,3e+07,"Paraguay"
52,2,1,2,NA,NA,NA,5,1995,2,NA,1,4,0,1,2,NA,2,NA,NA,NA,NA,1,1,2,6.3e+08,NA,NA,NA,NA,2,NA,NA,NA,NA,7,NA,NA,NA,NA,NA,0,NA,100,2.4e+08,NA,7200000,NA,NA,"Paraguay"
50,3,2,2,NA,NA,NA,1,2005,2,NA,1,2,0,1,2,NA,2,NA,NA,NA,NA,1,1,6,1.2e+09,NA,NA,NA,NA,2,NA,NA,NA,NA,25,NA,NA,NA,NA,NA,-9,NA,80,5.4e+08,NA,-9,NA,NA,"Paraguay"
60,3,2,2,NA,NA,NA,2,2003,2,NA,1,2,1,0,2,NA,2,NA,NA,NA,NA,1,2,6,1.5e+09,NA,NA,NA,NA,1,5e+08,2,NA,0,30,NA,NA,NA,NA,NA,0,NA,100,7e+08,NA,1e+07,NA,NA,"Paraguay"
45,3,2,2,NA,NA,NA,2,1974,2,NA,2,NA,NA,NA,2,NA,2,NA,NA,NA,NA,1,1,4,1.31e+10,NA,NA,NA,NA,2,NA,NA,NA,NA,80,NA,NA,NA,NA,NA,0,NA,80,3.275e+09,NA,3.93e+08,NA,NA,"Paraguay"
45,3,2,2,NA,NA,NA,2,1991,1,6,1,3,3,0,1,10,1,7,NA,NA,NA,1,1,4,5.55e+10,NA,NA,NA,NA,1,1.11e+10,1,20,5.55e+09,50,NA,NA,NA,NA,NA,500,6,70,-9,NA,-9,NA,NA,"Paraguay"
45,3,2,2,NA,NA,NA,2,1994,1,-9,1,0,NA,NA,2,NA,2,NA,NA,NA,NA,1,1,4,5.67e+10,NA,NA,NA,NA,1,-9,NA,NA,-9,40,NA,NA,NA,NA,NA,1000,12,100,-9,NA,-9,NA,NA,"Paraguay"
